--
-- PostgreSQL database dump
--

\restrict ikscqAbwPe1E6fasSo4FMbx8SQtYn7h66HRDK7ucphSsh0FEJVF9FBFcqCr4Wib

-- Dumped from database version 14.19 (Homebrew)
-- Dumped by pg_dump version 14.19 (Homebrew)

SET statement_timeout = 0;
SET lock_timeout = 0;
SET idle_in_transaction_session_timeout = 0;
SET client_encoding = 'UTF8';
SET standard_conforming_strings = on;
SELECT pg_catalog.set_config('search_path', '', false);
SET check_function_bodies = false;
SET xmloption = content;
SET client_min_messages = warning;
SET row_security = off;

SET default_tablespace = '';

SET default_table_access_method = heap;

--
-- Name: audio; Type: TABLE; Schema: public; Owner: shakhriyor
--

CREATE TABLE public.audio (
    created_at timestamp with time zone NOT NULL,
    updated_at timestamp with time zone NOT NULL,
    id character varying(36) NOT NULL,
    file character varying(100) NOT NULL,
    name character varying NOT NULL,
    user_id bigint NOT NULL
);


ALTER TABLE public.audio OWNER TO shakhriyor;

--
-- Name: auth_group; Type: TABLE; Schema: public; Owner: shakhriyor
--

CREATE TABLE public.auth_group (
    id integer NOT NULL,
    name character varying(150) NOT NULL
);


ALTER TABLE public.auth_group OWNER TO shakhriyor;

--
-- Name: auth_group_id_seq; Type: SEQUENCE; Schema: public; Owner: shakhriyor
--

ALTER TABLE public.auth_group ALTER COLUMN id ADD GENERATED BY DEFAULT AS IDENTITY (
    SEQUENCE NAME public.auth_group_id_seq
    START WITH 1
    INCREMENT BY 1
    NO MINVALUE
    NO MAXVALUE
    CACHE 1
);


--
-- Name: auth_group_permissions; Type: TABLE; Schema: public; Owner: shakhriyor
--

CREATE TABLE public.auth_group_permissions (
    id bigint NOT NULL,
    group_id integer NOT NULL,
    permission_id integer NOT NULL
);


ALTER TABLE public.auth_group_permissions OWNER TO shakhriyor;

--
-- Name: auth_group_permissions_id_seq; Type: SEQUENCE; Schema: public; Owner: shakhriyor
--

ALTER TABLE public.auth_group_permissions ALTER COLUMN id ADD GENERATED BY DEFAULT AS IDENTITY (
    SEQUENCE NAME public.auth_group_permissions_id_seq
    START WITH 1
    INCREMENT BY 1
    NO MINVALUE
    NO MAXVALUE
    CACHE 1
);


--
-- Name: auth_permission; Type: TABLE; Schema: public; Owner: shakhriyor
--

CREATE TABLE public.auth_permission (
    id integer NOT NULL,
    name character varying(255) NOT NULL,
    content_type_id integer NOT NULL,
    codename character varying(100) NOT NULL
);


ALTER TABLE public.auth_permission OWNER TO shakhriyor;

--
-- Name: auth_permission_id_seq; Type: SEQUENCE; Schema: public; Owner: shakhriyor
--

ALTER TABLE public.auth_permission ALTER COLUMN id ADD GENERATED BY DEFAULT AS IDENTITY (
    SEQUENCE NAME public.auth_permission_id_seq
    START WITH 1
    INCREMENT BY 1
    NO MINVALUE
    NO MAXVALUE
    CACHE 1
);


--
-- Name: balance; Type: TABLE; Schema: public; Owner: shakhriyor
--

CREATE TABLE public.balance (
    id bigint NOT NULL,
    created_at timestamp with time zone NOT NULL,
    updated_at timestamp with time zone NOT NULL,
    cash numeric(16,4) NOT NULL,
    user_id bigint NOT NULL,
    subscription_id bigint,
    chargeable boolean NOT NULL
);


ALTER TABLE public.balance OWNER TO shakhriyor;

--
-- Name: balance_id_seq; Type: SEQUENCE; Schema: public; Owner: shakhriyor
--

ALTER TABLE public.balance ALTER COLUMN id ADD GENERATED BY DEFAULT AS IDENTITY (
    SEQUENCE NAME public.balance_id_seq
    START WITH 1
    INCREMENT BY 1
    NO MINVALUE
    NO MAXVALUE
    CACHE 1
);


--
-- Name: django_admin_log; Type: TABLE; Schema: public; Owner: shakhriyor
--

CREATE TABLE public.django_admin_log (
    id integer NOT NULL,
    action_time timestamp with time zone NOT NULL,
    object_id text,
    object_repr character varying(200) NOT NULL,
    action_flag smallint NOT NULL,
    change_message text NOT NULL,
    content_type_id integer,
    user_id bigint NOT NULL,
    CONSTRAINT django_admin_log_action_flag_check CHECK ((action_flag >= 0))
);


ALTER TABLE public.django_admin_log OWNER TO shakhriyor;

--
-- Name: django_admin_log_id_seq; Type: SEQUENCE; Schema: public; Owner: shakhriyor
--

ALTER TABLE public.django_admin_log ALTER COLUMN id ADD GENERATED BY DEFAULT AS IDENTITY (
    SEQUENCE NAME public.django_admin_log_id_seq
    START WITH 1
    INCREMENT BY 1
    NO MINVALUE
    NO MAXVALUE
    CACHE 1
);


--
-- Name: django_celery_beat_clockedschedule; Type: TABLE; Schema: public; Owner: shakhriyor
--

CREATE TABLE public.django_celery_beat_clockedschedule (
    id integer NOT NULL,
    clocked_time timestamp with time zone NOT NULL
);


ALTER TABLE public.django_celery_beat_clockedschedule OWNER TO shakhriyor;

--
-- Name: django_celery_beat_clockedschedule_id_seq; Type: SEQUENCE; Schema: public; Owner: shakhriyor
--

ALTER TABLE public.django_celery_beat_clockedschedule ALTER COLUMN id ADD GENERATED BY DEFAULT AS IDENTITY (
    SEQUENCE NAME public.django_celery_beat_clockedschedule_id_seq
    START WITH 1
    INCREMENT BY 1
    NO MINVALUE
    NO MAXVALUE
    CACHE 1
);


--
-- Name: django_celery_beat_crontabschedule; Type: TABLE; Schema: public; Owner: shakhriyor
--

CREATE TABLE public.django_celery_beat_crontabschedule (
    id integer NOT NULL,
    minute character varying(240) NOT NULL,
    hour character varying(96) NOT NULL,
    day_of_week character varying(64) NOT NULL,
    day_of_month character varying(124) NOT NULL,
    month_of_year character varying(64) NOT NULL,
    timezone character varying(63) NOT NULL
);


ALTER TABLE public.django_celery_beat_crontabschedule OWNER TO shakhriyor;

--
-- Name: django_celery_beat_crontabschedule_id_seq; Type: SEQUENCE; Schema: public; Owner: shakhriyor
--

ALTER TABLE public.django_celery_beat_crontabschedule ALTER COLUMN id ADD GENERATED BY DEFAULT AS IDENTITY (
    SEQUENCE NAME public.django_celery_beat_crontabschedule_id_seq
    START WITH 1
    INCREMENT BY 1
    NO MINVALUE
    NO MAXVALUE
    CACHE 1
);


--
-- Name: django_celery_beat_intervalschedule; Type: TABLE; Schema: public; Owner: shakhriyor
--

CREATE TABLE public.django_celery_beat_intervalschedule (
    id integer NOT NULL,
    every integer NOT NULL,
    period character varying(24) NOT NULL
);


ALTER TABLE public.django_celery_beat_intervalschedule OWNER TO shakhriyor;

--
-- Name: django_celery_beat_intervalschedule_id_seq; Type: SEQUENCE; Schema: public; Owner: shakhriyor
--

ALTER TABLE public.django_celery_beat_intervalschedule ALTER COLUMN id ADD GENERATED BY DEFAULT AS IDENTITY (
    SEQUENCE NAME public.django_celery_beat_intervalschedule_id_seq
    START WITH 1
    INCREMENT BY 1
    NO MINVALUE
    NO MAXVALUE
    CACHE 1
);


--
-- Name: django_celery_beat_periodictask; Type: TABLE; Schema: public; Owner: shakhriyor
--

CREATE TABLE public.django_celery_beat_periodictask (
    id integer NOT NULL,
    name character varying(200) NOT NULL,
    task character varying(200) NOT NULL,
    args text NOT NULL,
    kwargs text NOT NULL,
    queue character varying(200),
    exchange character varying(200),
    routing_key character varying(200),
    expires timestamp with time zone,
    enabled boolean NOT NULL,
    last_run_at timestamp with time zone,
    total_run_count integer NOT NULL,
    date_changed timestamp with time zone NOT NULL,
    description text NOT NULL,
    crontab_id integer,
    interval_id integer,
    solar_id integer,
    one_off boolean NOT NULL,
    start_time timestamp with time zone,
    priority integer,
    headers text NOT NULL,
    clocked_id integer,
    expire_seconds integer,
    CONSTRAINT django_celery_beat_periodictask_expire_seconds_check CHECK ((expire_seconds >= 0)),
    CONSTRAINT django_celery_beat_periodictask_priority_check CHECK ((priority >= 0)),
    CONSTRAINT django_celery_beat_periodictask_total_run_count_check CHECK ((total_run_count >= 0))
);


ALTER TABLE public.django_celery_beat_periodictask OWNER TO shakhriyor;

--
-- Name: django_celery_beat_periodictask_id_seq; Type: SEQUENCE; Schema: public; Owner: shakhriyor
--

ALTER TABLE public.django_celery_beat_periodictask ALTER COLUMN id ADD GENERATED BY DEFAULT AS IDENTITY (
    SEQUENCE NAME public.django_celery_beat_periodictask_id_seq
    START WITH 1
    INCREMENT BY 1
    NO MINVALUE
    NO MAXVALUE
    CACHE 1
);


--
-- Name: django_celery_beat_periodictasks; Type: TABLE; Schema: public; Owner: shakhriyor
--

CREATE TABLE public.django_celery_beat_periodictasks (
    ident smallint NOT NULL,
    last_update timestamp with time zone NOT NULL
);


ALTER TABLE public.django_celery_beat_periodictasks OWNER TO shakhriyor;

--
-- Name: django_celery_beat_solarschedule; Type: TABLE; Schema: public; Owner: shakhriyor
--

CREATE TABLE public.django_celery_beat_solarschedule (
    id integer NOT NULL,
    event character varying(24) NOT NULL,
    latitude numeric(9,6) NOT NULL,
    longitude numeric(9,6) NOT NULL
);


ALTER TABLE public.django_celery_beat_solarschedule OWNER TO shakhriyor;

--
-- Name: django_celery_beat_solarschedule_id_seq; Type: SEQUENCE; Schema: public; Owner: shakhriyor
--

ALTER TABLE public.django_celery_beat_solarschedule ALTER COLUMN id ADD GENERATED BY DEFAULT AS IDENTITY (
    SEQUENCE NAME public.django_celery_beat_solarschedule_id_seq
    START WITH 1
    INCREMENT BY 1
    NO MINVALUE
    NO MAXVALUE
    CACHE 1
);


--
-- Name: django_content_type; Type: TABLE; Schema: public; Owner: shakhriyor
--

CREATE TABLE public.django_content_type (
    id integer NOT NULL,
    app_label character varying(100) NOT NULL,
    model character varying(100) NOT NULL
);


ALTER TABLE public.django_content_type OWNER TO shakhriyor;

--
-- Name: django_content_type_id_seq; Type: SEQUENCE; Schema: public; Owner: shakhriyor
--

ALTER TABLE public.django_content_type ALTER COLUMN id ADD GENERATED BY DEFAULT AS IDENTITY (
    SEQUENCE NAME public.django_content_type_id_seq
    START WITH 1
    INCREMENT BY 1
    NO MINVALUE
    NO MAXVALUE
    CACHE 1
);


--
-- Name: django_migrations; Type: TABLE; Schema: public; Owner: shakhriyor
--

CREATE TABLE public.django_migrations (
    id bigint NOT NULL,
    app character varying(255) NOT NULL,
    name character varying(255) NOT NULL,
    applied timestamp with time zone NOT NULL
);


ALTER TABLE public.django_migrations OWNER TO shakhriyor;

--
-- Name: django_migrations_id_seq; Type: SEQUENCE; Schema: public; Owner: shakhriyor
--

ALTER TABLE public.django_migrations ALTER COLUMN id ADD GENERATED BY DEFAULT AS IDENTITY (
    SEQUENCE NAME public.django_migrations_id_seq
    START WITH 1
    INCREMENT BY 1
    NO MINVALUE
    NO MAXVALUE
    CACHE 1
);


--
-- Name: django_session; Type: TABLE; Schema: public; Owner: shakhriyor
--

CREATE TABLE public.django_session (
    session_key character varying(40) NOT NULL,
    session_data text NOT NULL,
    expire_date timestamp with time zone NOT NULL
);


ALTER TABLE public.django_session OWNER TO shakhriyor;

--
-- Name: email_otp; Type: TABLE; Schema: public; Owner: shakhriyor
--

CREATE TABLE public.email_otp (
    created_at timestamp with time zone NOT NULL,
    updated_at timestamp with time zone NOT NULL,
    id character varying(36) NOT NULL,
    code character varying(6),
    expires_at timestamp with time zone,
    remaining_attempts smallint NOT NULL,
    remaining_resends smallint NOT NULL,
    task_id character varying(255),
    last_attempt timestamp with time zone NOT NULL,
    last_resend timestamp with time zone NOT NULL,
    status character varying NOT NULL,
    user_id bigint NOT NULL
);


ALTER TABLE public.email_otp OWNER TO shakhriyor;

--
-- Name: expense; Type: TABLE; Schema: public; Owner: shakhriyor
--

CREATE TABLE public.expense (
    id bigint NOT NULL,
    created_at timestamp with time zone NOT NULL,
    updated_at timestamp with time zone NOT NULL,
    operation character varying NOT NULL,
    credit numeric(16,4) NOT NULL,
    cash numeric(16,4) NOT NULL,
    stt_id character varying(36),
    tts_id character varying(36),
    user_id bigint NOT NULL
);


ALTER TABLE public.expense OWNER TO shakhriyor;

--
-- Name: finance_expensemodel_id_seq; Type: SEQUENCE; Schema: public; Owner: shakhriyor
--

ALTER TABLE public.expense ALTER COLUMN id ADD GENERATED BY DEFAULT AS IDENTITY (
    SEQUENCE NAME public.finance_expensemodel_id_seq
    START WITH 1
    INCREMENT BY 1
    NO MINVALUE
    NO MAXVALUE
    CACHE 1
);


--
-- Name: password_reset_token; Type: TABLE; Schema: public; Owner: shakhriyor
--

CREATE TABLE public.password_reset_token (
    id bigint NOT NULL,
    created_at timestamp with time zone NOT NULL,
    updated_at timestamp with time zone NOT NULL,
    slug character varying(250),
    token character varying NOT NULL,
    task_id character varying(255),
    status character varying NOT NULL,
    user_id bigint NOT NULL
);


ALTER TABLE public.password_reset_token OWNER TO shakhriyor;

--
-- Name: password_reset_token_id_seq; Type: SEQUENCE; Schema: public; Owner: shakhriyor
--

ALTER TABLE public.password_reset_token ALTER COLUMN id ADD GENERATED BY DEFAULT AS IDENTITY (
    SEQUENCE NAME public.password_reset_token_id_seq
    START WITH 1
    INCREMENT BY 1
    NO MINVALUE
    NO MAXVALUE
    CACHE 1
);


--
-- Name: picture; Type: TABLE; Schema: public; Owner: shakhriyor
--

CREATE TABLE public.picture (
    id bigint NOT NULL,
    created_at timestamp with time zone NOT NULL,
    updated_at timestamp with time zone NOT NULL,
    portrait character varying(100),
    user_id bigint NOT NULL
);


ALTER TABLE public.picture OWNER TO shakhriyor;

--
-- Name: picture_id_seq; Type: SEQUENCE; Schema: public; Owner: shakhriyor
--

ALTER TABLE public.picture ALTER COLUMN id ADD GENERATED BY DEFAULT AS IDENTITY (
    SEQUENCE NAME public.picture_id_seq
    START WITH 1
    INCREMENT BY 1
    NO MINVALUE
    NO MAXVALUE
    CACHE 1
);


--
-- Name: plan; Type: TABLE; Schema: public; Owner: shakhriyor
--

CREATE TABLE public.plan (
    id bigint NOT NULL,
    created_at timestamp with time zone NOT NULL,
    updated_at timestamp with time zone NOT NULL,
    title character varying(50) NOT NULL,
    description text,
    rate bigint NOT NULL,
    user_id bigint,
    annual_credit numeric(16,4) NOT NULL,
    annual_discount numeric(4,1) NOT NULL,
    annual_price numeric(16,4) NOT NULL,
    monthly_credit numeric(16,4) NOT NULL,
    monthly_discount numeric(4,1) NOT NULL,
    monthly_price numeric(16,4) NOT NULL,
    rate_time integer NOT NULL,
    CONSTRAINT plan_rate_time_check CHECK ((rate_time >= 0)),
    CONSTRAINT plan_request_limit_638e4d33_check CHECK ((rate >= 0))
);


ALTER TABLE public.plan OWNER TO shakhriyor;

--
-- Name: plan_id_seq; Type: SEQUENCE; Schema: public; Owner: shakhriyor
--

ALTER TABLE public.plan ALTER COLUMN id ADD GENERATED BY DEFAULT AS IDENTITY (
    SEQUENCE NAME public.plan_id_seq
    START WITH 1
    INCREMENT BY 1
    NO MINVALUE
    NO MAXVALUE
    CACHE 1
);


--
-- Name: social_accounts; Type: TABLE; Schema: public; Owner: shakhriyor
--

CREATE TABLE public.social_accounts (
    id bigint NOT NULL,
    created_at timestamp with time zone NOT NULL,
    updated_at timestamp with time zone NOT NULL,
    provider character varying(20) NOT NULL,
    provider_user_id character varying(255) NOT NULL,
    user_id bigint NOT NULL
);


ALTER TABLE public.social_accounts OWNER TO shakhriyor;

--
-- Name: social_accounts_id_seq; Type: SEQUENCE; Schema: public; Owner: shakhriyor
--

ALTER TABLE public.social_accounts ALTER COLUMN id ADD GENERATED BY DEFAULT AS IDENTITY (
    SEQUENCE NAME public.social_accounts_id_seq
    START WITH 1
    INCREMENT BY 1
    NO MINVALUE
    NO MAXVALUE
    CACHE 1
);


--
-- Name: stt_data; Type: TABLE; Schema: public; Owner: shakhriyor
--

CREATE TABLE public.stt_data (
    created_at timestamp with time zone NOT NULL,
    updated_at timestamp with time zone NOT NULL,
    id character varying(36) NOT NULL,
    text character varying,
    audio_id character varying(36),
    user_id bigint NOT NULL
);


ALTER TABLE public.stt_data OWNER TO shakhriyor;

--
-- Name: stt_model; Type: TABLE; Schema: public; Owner: shakhriyor
--

CREATE TABLE public.stt_model (
    id bigint NOT NULL,
    created_at timestamp with time zone NOT NULL,
    updated_at timestamp with time zone NOT NULL,
    title character varying(50) NOT NULL,
    credit numeric(16,4) NOT NULL,
    cash numeric(16,4) NOT NULL,
    user_id bigint NOT NULL
);


ALTER TABLE public.stt_model OWNER TO shakhriyor;

--
-- Name: stt_model_id_seq; Type: SEQUENCE; Schema: public; Owner: shakhriyor
--

ALTER TABLE public.stt_model ALTER COLUMN id ADD GENERATED BY DEFAULT AS IDENTITY (
    SEQUENCE NAME public.stt_model_id_seq
    START WITH 1
    INCREMENT BY 1
    NO MINVALUE
    NO MAXVALUE
    CACHE 1
);


--
-- Name: subscription; Type: TABLE; Schema: public; Owner: shakhriyor
--

CREATE TABLE public.subscription (
    id bigint NOT NULL,
    created_at timestamp with time zone NOT NULL,
    updated_at timestamp with time zone NOT NULL,
    expense numeric(16,4) NOT NULL,
    status character varying NOT NULL,
    period character varying NOT NULL,
    start_date timestamp with time zone NOT NULL,
    end_date timestamp with time zone,
    credit numeric(16,4) NOT NULL,
    discount numeric(3,1) NOT NULL,
    price numeric(16,4) NOT NULL,
    title character varying(50) NOT NULL,
    auto_renew boolean NOT NULL,
    rate bigint NOT NULL,
    user_id bigint NOT NULL,
    rate_time integer NOT NULL,
    rate_reset timestamp with time zone,
    rate_usage numeric(16,4) NOT NULL,
    CONSTRAINT subscription_request_limit_check CHECK ((rate >= 0)),
    CONSTRAINT subscription_stt_rate_time_check CHECK ((rate_time >= 0))
);


ALTER TABLE public.subscription OWNER TO shakhriyor;

--
-- Name: subscription_id_seq; Type: SEQUENCE; Schema: public; Owner: shakhriyor
--

ALTER TABLE public.subscription ALTER COLUMN id ADD GENERATED BY DEFAULT AS IDENTITY (
    SEQUENCE NAME public.subscription_id_seq
    START WITH 1
    INCREMENT BY 1
    NO MINVALUE
    NO MAXVALUE
    CACHE 1
);


--
-- Name: token_blacklist_blacklistedtoken; Type: TABLE; Schema: public; Owner: shakhriyor
--

CREATE TABLE public.token_blacklist_blacklistedtoken (
    id bigint NOT NULL,
    blacklisted_at timestamp with time zone NOT NULL,
    token_id bigint NOT NULL
);


ALTER TABLE public.token_blacklist_blacklistedtoken OWNER TO shakhriyor;

--
-- Name: token_blacklist_blacklistedtoken_id_seq; Type: SEQUENCE; Schema: public; Owner: shakhriyor
--

ALTER TABLE public.token_blacklist_blacklistedtoken ALTER COLUMN id ADD GENERATED BY DEFAULT AS IDENTITY (
    SEQUENCE NAME public.token_blacklist_blacklistedtoken_id_seq
    START WITH 1
    INCREMENT BY 1
    NO MINVALUE
    NO MAXVALUE
    CACHE 1
);


--
-- Name: token_blacklist_outstandingtoken; Type: TABLE; Schema: public; Owner: shakhriyor
--

CREATE TABLE public.token_blacklist_outstandingtoken (
    id bigint NOT NULL,
    token text NOT NULL,
    created_at timestamp with time zone,
    expires_at timestamp with time zone NOT NULL,
    user_id bigint,
    jti character varying(255) NOT NULL
);


ALTER TABLE public.token_blacklist_outstandingtoken OWNER TO shakhriyor;

--
-- Name: token_blacklist_outstandingtoken_id_seq; Type: SEQUENCE; Schema: public; Owner: shakhriyor
--

ALTER TABLE public.token_blacklist_outstandingtoken ALTER COLUMN id ADD GENERATED BY DEFAULT AS IDENTITY (
    SEQUENCE NAME public.token_blacklist_outstandingtoken_id_seq
    START WITH 1
    INCREMENT BY 1
    NO MINVALUE
    NO MAXVALUE
    CACHE 1
);


--
-- Name: transaction; Type: TABLE; Schema: public; Owner: shakhriyor
--

CREATE TABLE public.transaction (
    created_at timestamp with time zone NOT NULL,
    updated_at timestamp with time zone NOT NULL,
    id bigint NOT NULL,
    amount numeric(16,4) NOT NULL,
    currency character varying NOT NULL,
    status character varying NOT NULL,
    provider character varying NOT NULL,
    method character varying NOT NULL,
    user_id bigint NOT NULL
);


ALTER TABLE public.transaction OWNER TO shakhriyor;

--
-- Name: transaction_id_seq; Type: SEQUENCE; Schema: public; Owner: shakhriyor
--

ALTER TABLE public.transaction ALTER COLUMN id ADD GENERATED BY DEFAULT AS IDENTITY (
    SEQUENCE NAME public.transaction_id_seq
    START WITH 1
    INCREMENT BY 1
    NO MINVALUE
    NO MAXVALUE
    CACHE 1
);


--
-- Name: tts_audio_format; Type: TABLE; Schema: public; Owner: shakhriyor
--

CREATE TABLE public.tts_audio_format (
    id bigint NOT NULL,
    created_at timestamp with time zone NOT NULL,
    updated_at timestamp with time zone NOT NULL,
    title character varying(50) NOT NULL,
    user_id bigint NOT NULL
);


ALTER TABLE public.tts_audio_format OWNER TO shakhriyor;

--
-- Name: tts_audio_format_id_seq; Type: SEQUENCE; Schema: public; Owner: shakhriyor
--

ALTER TABLE public.tts_audio_format ALTER COLUMN id ADD GENERATED BY DEFAULT AS IDENTITY (
    SEQUENCE NAME public.tts_audio_format_id_seq
    START WITH 1
    INCREMENT BY 1
    NO MINVALUE
    NO MAXVALUE
    CACHE 1
);


--
-- Name: tts_data; Type: TABLE; Schema: public; Owner: shakhriyor
--

CREATE TABLE public.tts_data (
    id character varying(36) NOT NULL,
    created_at timestamp with time zone NOT NULL,
    updated_at timestamp with time zone NOT NULL,
    text character varying NOT NULL,
    emotion character varying(50) NOT NULL,
    model character varying(50) NOT NULL,
    format character varying(50) NOT NULL,
    audio_id character varying(36),
    user_id bigint NOT NULL
);


ALTER TABLE public.tts_data OWNER TO shakhriyor;

--
-- Name: tts_emotion; Type: TABLE; Schema: public; Owner: shakhriyor
--

CREATE TABLE public.tts_emotion (
    id bigint NOT NULL,
    created_at timestamp with time zone NOT NULL,
    updated_at timestamp with time zone NOT NULL,
    title character varying(50) NOT NULL,
    user_id bigint NOT NULL
);


ALTER TABLE public.tts_emotion OWNER TO shakhriyor;

--
-- Name: tts_emotion_id_seq; Type: SEQUENCE; Schema: public; Owner: shakhriyor
--

ALTER TABLE public.tts_emotion ALTER COLUMN id ADD GENERATED BY DEFAULT AS IDENTITY (
    SEQUENCE NAME public.tts_emotion_id_seq
    START WITH 1
    INCREMENT BY 1
    NO MINVALUE
    NO MAXVALUE
    CACHE 1
);


--
-- Name: tts_model; Type: TABLE; Schema: public; Owner: shakhriyor
--

CREATE TABLE public.tts_model (
    id bigint NOT NULL,
    created_at timestamp with time zone NOT NULL,
    updated_at timestamp with time zone NOT NULL,
    title character varying(50) NOT NULL,
    credit numeric(16,4) NOT NULL,
    cash numeric(16,4) NOT NULL,
    user_id bigint NOT NULL
);


ALTER TABLE public.tts_model OWNER TO shakhriyor;

--
-- Name: tts_model_id_seq; Type: SEQUENCE; Schema: public; Owner: shakhriyor
--

ALTER TABLE public.tts_model ALTER COLUMN id ADD GENERATED BY DEFAULT AS IDENTITY (
    SEQUENCE NAME public.tts_model_id_seq
    START WITH 1
    INCREMENT BY 1
    NO MINVALUE
    NO MAXVALUE
    CACHE 1
);


--
-- Name: user; Type: TABLE; Schema: public; Owner: shakhriyor
--

CREATE TABLE public."user" (
    id bigint NOT NULL,
    password character varying(128) NOT NULL,
    email character varying(200) NOT NULL,
    first_name character varying(150) NOT NULL,
    last_name character varying(150) NOT NULL,
    role character varying NOT NULL,
    is_active boolean NOT NULL,
    is_blocked boolean NOT NULL,
    is_deleted boolean NOT NULL,
    regular_auth boolean NOT NULL,
    google_auth boolean NOT NULL,
    facebook_auth boolean NOT NULL,
    created_at timestamp with time zone NOT NULL,
    last_password_update timestamp with time zone,
    last_login timestamp with time zone NOT NULL
);


ALTER TABLE public."user" OWNER TO shakhriyor;

--
-- Name: user_groups; Type: TABLE; Schema: public; Owner: shakhriyor
--

CREATE TABLE public.user_groups (
    id bigint NOT NULL,
    customusermodel_id bigint NOT NULL,
    group_id integer NOT NULL
);


ALTER TABLE public.user_groups OWNER TO shakhriyor;

--
-- Name: user_groups_id_seq; Type: SEQUENCE; Schema: public; Owner: shakhriyor
--

ALTER TABLE public.user_groups ALTER COLUMN id ADD GENERATED BY DEFAULT AS IDENTITY (
    SEQUENCE NAME public.user_groups_id_seq
    START WITH 1
    INCREMENT BY 1
    NO MINVALUE
    NO MAXVALUE
    CACHE 1
);


--
-- Name: user_id_seq; Type: SEQUENCE; Schema: public; Owner: shakhriyor
--

ALTER TABLE public."user" ALTER COLUMN id ADD GENERATED BY DEFAULT AS IDENTITY (
    SEQUENCE NAME public.user_id_seq
    START WITH 1
    INCREMENT BY 1
    NO MINVALUE
    NO MAXVALUE
    CACHE 1
);


--
-- Name: user_user_permissions; Type: TABLE; Schema: public; Owner: shakhriyor
--

CREATE TABLE public.user_user_permissions (
    id bigint NOT NULL,
    customusermodel_id bigint NOT NULL,
    permission_id integer NOT NULL
);


ALTER TABLE public.user_user_permissions OWNER TO shakhriyor;

--
-- Name: user_user_permissions_id_seq; Type: SEQUENCE; Schema: public; Owner: shakhriyor
--

ALTER TABLE public.user_user_permissions ALTER COLUMN id ADD GENERATED BY DEFAULT AS IDENTITY (
    SEQUENCE NAME public.user_user_permissions_id_seq
    START WITH 1
    INCREMENT BY 1
    NO MINVALUE
    NO MAXVALUE
    CACHE 1
);


--
-- Data for Name: audio; Type: TABLE DATA; Schema: public; Owner: shakhriyor
--

COPY public.audio (created_at, updated_at, id, file, name, user_id) FROM stdin;
2025-09-25 15:44:29.154886+05	2025-09-25 15:44:29.15491+05	95cc0092-a9ae-4750-9a5b-b919c9ac7bd4	audio/e9fc4237-700a-4029-b1ff-a69f08f2a4b4.mp3	audio.mp3	1
2025-09-25 15:46:43.04759+05	2025-09-25 15:46:43.047615+05	5b5d711f-b20f-4066-bde5-a79436295a0b	audio/928a2f4f-5cba-463a-8ac6-903b566ab5d7.mp3	audio.mp3	1
2025-09-25 15:48:18.726416+05	2025-09-25 15:48:18.726438+05	6654cc7f-918a-44c8-b507-2dfa394dbe19	audio/93553d5a-d320-4769-b398-f8619bda71c2.mp3	audio.mp3	1
2025-09-25 15:49:27.951983+05	2025-09-25 15:49:27.952009+05	aeee72e0-827a-4302-ab0e-ff440c6f03d9	audio/b1cdd85e-b417-451d-9b35-85bc59382b1d.mp3	audio.mp3	1
2025-09-25 15:49:49.414893+05	2025-09-25 15:49:49.414926+05	730a0993-0d23-448a-9e1d-2ab18a6b481c	audio/9be254a7-a314-42ab-95e9-ddc19d23577b.mp3	audio.mp3	1
2025-09-25 15:50:25.512345+05	2025-09-25 15:50:25.512371+05	85fb6e8d-1419-42df-810c-9d4bbcc40741	audio/455059f0-3f88-41e9-b406-f3274fcc1aac.mp3	audio.mp3	1
2025-09-25 15:50:38.957077+05	2025-09-25 15:50:38.957101+05	3b61178e-d362-41ae-9fc6-8366b248b366	audio/82b9ab37-e0f5-4853-8703-d7a9d601ca8d.mp3	audio.mp3	1
2025-09-25 15:51:33.925278+05	2025-09-25 15:51:33.925299+05	2fc99311-a5e6-474e-bd4c-7e81ec0482aa	audio/d7844a05-dd70-4b39-8837-556f92a76aaf.mp3	audio.mp3	1
2025-09-25 15:52:45.495397+05	2025-09-25 15:52:45.495405+05	6a8fb10a-8f55-4c88-8310-d5c6bde86e12	audio/f2793e7f-ad38-4d20-b339-2b192c971dd0.mp3	audio.mp3	1
2025-09-25 15:53:44.329752+05	2025-09-25 15:53:44.329872+05	27a19a00-eb1a-4d23-8ebe-be266aeb6e07	audio/5cc5078b-7545-4810-abed-8085182db324.mp3	audio.mp3	1
2025-09-25 15:54:42.269523+05	2025-09-25 15:54:42.269548+05	5a28d796-7776-4979-a831-7ef16be77f71	audio/a28715e9-be67-4106-ace1-29d452511765.mp3	audio.mp3	1
2025-09-25 15:55:24.833741+05	2025-09-25 15:55:24.833768+05	3bc44df7-d999-4b3b-b730-2ee07da5c76b	audio/9b9f68b3-39d6-4b21-b412-95923919e694.mp3	audio.mp3	1
2025-09-25 16:05:24.936882+05	2025-09-25 16:05:24.936903+05	15aa749c-2a6c-4310-af81-5db705a5beb6	audio/ee0a9cd9-1b3a-4138-8321-2fd2424ec887.mp3	audio.mp3	1
2025-09-25 16:06:18.66362+05	2025-09-25 16:06:18.663646+05	6edb67cf-b78f-4219-bd92-d13a25751109	audio/e2523619-0eb1-4276-95f2-a08816fe83a5.mp3	audio.mp3	1
2025-09-25 17:32:27.760252+05	2025-09-25 17:32:27.760277+05	d7b08641-bdf4-422e-a13f-d1d6fa33ea84	audio/d84a045c-22ca-4759-a3af-b3a79d9d43b3.mp3	audio.mp3	1
2025-09-25 17:32:45.232862+05	2025-09-25 17:32:45.232888+05	cbd4679e-ff8c-4815-b16f-0972b404b094	audio/61836c30-18b1-4ed4-949d-ba644b947a9b.mp3	audio.mp3	1
2025-09-25 17:37:22.780978+05	2025-09-25 17:37:22.781016+05	075637b1-6e4f-4082-80b0-c0560c70d132	audio/64f12c25-4bde-412a-833f-00c491bda16e.mp3	audio.mp3	1
2025-09-25 17:38:21.601164+05	2025-09-25 17:38:21.601191+05	00b28cf7-9e3d-46e4-a92f-f099915314f6	audio/11445087-c181-43fd-91c1-4c58a1316cc7.mp3	audio.mp3	1
2025-09-25 17:41:52.985956+05	2025-09-25 17:41:52.985983+05	752954a0-53b0-47f9-b551-caacc728c770	audio/660faf93-4f8e-4cea-947c-a9655fb3cd79.mp3	audio.mp3	1
2025-09-25 17:43:21.499773+05	2025-09-25 17:43:21.499799+05	e741a69e-946b-4bb2-8b58-c482b2eadf50	audio/bfa84454-ecac-4834-8b27-3f387ba9e311.mp3	audio.mp3	1
2025-09-25 17:53:36.563471+05	2025-09-25 17:53:36.563497+05	71a5418b-1b7a-4796-948f-705b80cc4d92	audio/e5aad6a6-9de3-48b5-8683-22b064b5be07.mp3	audio.mp3	1
2025-09-25 17:53:44.726107+05	2025-09-25 17:53:44.726132+05	6abc86a7-a4de-4a1a-ae0e-1d8b9ddf553a	audio/4e105da1-fbba-421b-aed8-fcf658a14fda.mp3	audio.mp3	1
2025-09-25 17:53:54.707785+05	2025-09-25 17:53:54.707812+05	513bcd16-e6d0-428f-9fce-9de74216119c	audio/ca2b42cb-35b2-4878-885a-42fdfab176e0.mp3	audio.mp3	1
2025-09-25 17:55:47.43197+05	2025-09-25 17:55:47.431993+05	379b7336-3781-4957-834d-08bd8474d794	audio/8c881ed8-6b5e-457c-a8e9-0f0e932724db.mp3	audio.mp3	1
2025-09-25 17:56:09.959241+05	2025-09-25 17:56:09.959263+05	02b024d5-c8e5-41f1-824f-c30771f8647d	audio/6eff00f8-8a1b-4857-a180-0b01a51a75a2.mp3	audio.mp3	1
2025-09-25 17:56:25.304324+05	2025-09-25 17:56:25.304349+05	f3717007-3104-484a-85bc-b862e874a1f9	audio/9ec3e886-c03a-49cd-969b-cefac9f68cdc.mp3	audio.mp3	1
2025-09-25 17:57:14.479143+05	2025-09-25 17:57:14.479169+05	eaf2f21b-4d20-493e-802e-10e16b2b1928	audio/cb0b7f49-d7d6-4be8-beff-6da244893819.mp3	audio.mp3	1
2025-09-25 17:58:18.322102+05	2025-09-25 17:58:18.32213+05	3d323b59-ba9f-4f76-85b3-331cfd772415	audio/44df2b74-9854-4ff4-9461-431def0a788f.mp3	audio.mp3	1
2025-09-25 17:59:24.108736+05	2025-09-25 17:59:24.108761+05	f3345959-0241-4816-9178-f7337b4dd301	audio/2939d698-7c8d-485b-8283-4a4c9ef3b62f.mp3	audio.mp3	1
2025-09-25 17:59:43.99252+05	2025-09-25 17:59:43.992545+05	24be08a9-03d6-49b5-9581-060fd42b5daa	audio/df4ab839-1d02-4717-acfe-1e65dad75c59.mp3	audio.mp3	1
2025-09-26 10:42:29.968508+05	2025-09-26 10:42:29.968529+05	32b56300-574d-4c91-973f-8c2bf1a5eaa8	audio/17c8baba-d331-47b4-9437-e91c2c68e9d8.mp3	audio.mp3	1
2025-09-26 10:43:28.028449+05	2025-09-26 10:43:28.02847+05	0e718ada-ce54-4c76-bd61-48e06cfa16f9	audio/ef1f5d8f-120d-49ad-ad0d-042e8bca8a9c.mp3	audio.mp3	1
2025-09-26 10:45:05.302839+05	2025-09-26 10:45:05.302862+05	3d2ee8af-938d-4dfe-b3d8-caebd5743926	audio/390fed3a-7327-454f-8ca2-f1bbd93ffa39.mp3	audio.mp3	1
2025-09-26 10:46:40.326852+05	2025-09-26 10:46:40.326871+05	3bc417ce-3f75-4d9f-9feb-ca1a1009a157	audio/fb879b01-e425-4893-8a57-439ef624dd5e.mp3	audio.mp3	1
2025-09-26 10:46:57.204+05	2025-09-26 10:46:57.204021+05	c92dfe17-9336-4279-ae6a-949b5849d14c	audio/c1d5d313-8296-4f74-969c-c905ac3f801c.mp3	audio.mp3	1
2025-09-26 10:54:07.157161+05	2025-09-26 10:54:07.157184+05	6f2389b6-9b65-4164-bfdd-8d2d24745159	audio/ac99d5b4-9173-4f12-92db-3a6dc820b1ab.mp3	audio.mp3	1
2025-09-26 10:56:34.412201+05	2025-09-26 10:56:34.412224+05	e114a94d-584d-44f3-815b-0880bc205cd9	audio/2a251bd9-a789-4776-ae8e-a7fd85934419.mp3	audio.mp3	1
2025-09-26 10:57:16.105236+05	2025-09-26 10:57:16.105257+05	ab8172d8-25f6-412f-b5fb-34ef9f198f6f	audio/73e6cd94-865d-409c-a5ab-fc4efac4d754.mp3	audio.mp3	1
2025-09-26 10:57:42.675402+05	2025-09-26 10:57:42.675428+05	3824f399-1f28-42fd-aca5-cb24955aeb9d	audio/a5247a99-527d-43cd-90f6-ab658a994b4f.mp3	audio.mp3	1
2025-09-26 11:09:52.939601+05	2025-09-26 11:09:52.939621+05	c4ecfa3a-dcc0-4651-bb28-e4e1755e314a	audio/aa10f746-6dd0-41fc-91b2-ea7cd380af9d.mp3	audio.mp3	1
2025-09-26 11:10:47.767007+05	2025-09-26 11:10:47.76703+05	5d4abadf-1450-4c0d-aa21-1b1700ce8ba6	audio/9e141b67-be87-4525-a542-e410a9bca483.mp3	audio.mp3	1
2025-09-26 11:11:01.261327+05	2025-09-26 11:11:01.261352+05	05e6edb6-ae4c-4e70-8983-19c01f0ca1fc	audio/8292bc6e-859a-4fd6-9c0e-ea4b98c8efaa.mp3	audio.mp3	1
2025-09-26 11:11:47.203654+05	2025-09-26 11:11:47.203675+05	c673a7a8-a497-4e93-be4d-4baf19d73235	audio/169a8a13-969f-4253-b4fc-209f3654942a.mp3	audio.mp3	1
2025-09-26 11:19:01.466742+05	2025-09-26 11:19:01.466761+05	ab825b7f-f0ec-4fb1-9ba1-dcd443692a0d	audio/5ee5f06f-15aa-44cd-9f85-39b4b24c0b55.mp3	audio.mp3	1
2025-09-26 11:20:36.221464+05	2025-09-26 11:20:36.221487+05	34729dc8-6e97-4dd0-a74d-e1b4de1c2d35	audio/ff7b7f89-27da-49b2-8c07-86799312f251.mp3	audio.mp3	1
2025-09-26 11:21:28.240179+05	2025-09-26 11:21:28.240203+05	748bd74c-0ed6-40bc-a0a6-b613a2c27e8f	audio/ac5a29ec-4ea0-4129-8b3a-8918d4f10aa2.mp3	audio.mp3	1
2025-09-26 11:28:41.627022+05	2025-09-26 11:28:41.627042+05	515ec143-e7a8-42ae-954e-64b9a9f9f518	audio/dd42d747-c1bb-4acd-92a7-04f193cc1546.mp3	audio.mp3	1
2025-09-26 11:31:23.969189+05	2025-09-26 11:31:23.969216+05	1eeb2208-70bf-44bc-b7d3-6cdfebd4dfac	audio/bb374cef-99b8-4f52-9a00-d37879ddc11e.mp3	audio.mp3	1
2025-09-26 11:31:39.883431+05	2025-09-26 11:31:39.883453+05	a162f588-393e-4ade-a411-876201c34eb8	audio/933a4898-be9f-471d-bd8b-c00d89777d51.mp3	audio.mp3	1
2025-09-26 15:31:47.931909+05	2025-09-26 15:31:47.931928+05	e5558cdd-91db-4fd3-a228-7e2c62acba4a	audio/bd7f7efc-0ced-466a-bf55-ef0561e92d18.mp3	audio.mp3	1
2025-09-26 15:32:33.725311+05	2025-09-26 15:32:33.725334+05	a71beef0-1944-4351-aab1-f67b2e7ee0c3	audio/5f6ee245-fae8-4afd-9012-be30cf21dea9.mp3	audio.mp3	1
2025-09-26 15:33:41.308508+05	2025-09-26 15:33:41.308528+05	bee64d69-167d-4762-b65d-98347dd59c61	audio/5d86c4da-e8ac-429d-be7c-d2edba895502.mp3	audio.mp3	1
2025-09-26 15:34:16.462604+05	2025-09-26 15:34:16.462628+05	901a1742-20f0-4afc-9a1e-1b5146e43945	audio/63d7746d-abff-419a-bf35-0169bdc27f01.mp3	audio.mp3	1
2025-09-26 15:34:39.284127+05	2025-09-26 15:34:39.284152+05	71f0b41c-a16c-4b37-8169-167049754d29	audio/8dfe6d7f-ce45-4922-9a55-d8e321aba550.mp3	audio.mp3	1
2025-09-26 15:35:19.701068+05	2025-09-26 15:35:19.701101+05	8049e244-610d-45d6-b78d-34e33c10e212	audio/c7faac73-6897-47b5-8803-b56719d186e9.mp3	audio.mp3	1
2025-09-26 15:35:37.231843+05	2025-09-26 15:35:37.231863+05	82f33d8c-63b5-4197-87ac-024447c4108d	audio/e4b58b9c-bd7e-4cdf-bdac-46a233f01958.mp3	audio.mp3	1
2025-09-26 15:36:25.888929+05	2025-09-26 15:36:25.888951+05	3383e239-b651-475a-acad-282d0c5351df	audio/7ecd0078-545a-4b3b-af8b-f7d3df695414.mp3	audio.mp3	1
2025-09-26 15:37:51.430442+05	2025-09-26 15:37:51.43046+05	20bc6e51-6470-4f54-bbaa-9237d43dd88c	audio/e96d5d96-37eb-4dde-abd0-106f23373a3d.mp3	audio.mp3	1
2025-09-26 15:38:24.448486+05	2025-09-26 15:38:24.448507+05	db56284d-07a6-4a15-83b4-6a170897f460	audio/5682d314-8845-43d6-91d0-25ec04eff2fb.mp3	audio.mp3	1
2025-09-26 15:39:03.393041+05	2025-09-26 15:39:03.393065+05	41a79102-295b-4aa2-95d4-aaee29e12e4a	audio/19d8169e-1678-4941-b9ce-fda38dd25eac.mp3	audio.mp3	1
2025-09-26 15:40:00.09385+05	2025-09-26 15:40:00.093874+05	bddf1718-3b5e-4e58-9cc6-8a6450800538	audio/9373b590-30df-4f3b-b837-09af9960420b.mp3	audio.mp3	1
2025-09-26 15:42:13.278134+05	2025-09-26 15:42:13.278141+05	48fa9923-d83b-4da4-8809-f5a286f86a7a	audio/34f31b7f-afb7-4bf9-a372-4cc0fb17b1ee.mp3	audio.mp3	1
2025-09-26 15:42:51.593829+05	2025-09-26 15:42:51.59385+05	a7ce8732-d85c-4dde-bf02-231c3ef44a89	audio/534db00e-20f5-45c3-849a-e4cec57babe2.mp3	audio.mp3	1
2025-09-26 15:44:39.367666+05	2025-09-26 15:44:39.36769+05	9b128dc4-c2e0-4326-843a-6b46e0c32697	audio/cdf2a76b-c4a6-48c4-bdd0-be9e1d4903e0.mp3	audio.mp3	1
2025-09-26 16:35:55.544803+05	2025-09-26 16:35:55.544859+05	44a8edd4-91a4-440e-9551-bae44fbfc570	audio/7bd8d05e-a3d5-4f5c-b320-f7efab1c8a0e.mp3	audio.mp3	1
2025-09-26 16:37:05.697605+05	2025-09-26 16:37:05.697666+05	5e734b27-03d3-46fd-b228-cb362058a57e	audio/23be3fec-6b70-4e97-bb1a-6f5c524444a0.mp3	test.mp3	1
2025-09-26 16:38:27.237211+05	2025-09-26 16:38:27.237287+05	f2f7831b-d38e-449d-8bbd-5a7e4997fb08	audio/85d7596f-1d33-4e64-bbd9-54645910fda8.mp3	audio.mp3	1
2025-09-26 16:41:55.440618+05	2025-09-26 16:41:55.440697+05	5f39e379-1735-47f1-83bd-70b83896580e	audio/35b45c6e-c0fc-4683-8670-524f1da90249.mp3	audio.mp3	1
2025-09-26 16:43:01.086414+05	2025-09-26 16:43:01.086517+05	de54e1b7-8279-4991-b841-1d4d68a706a1	audio/8915ddec-ff00-4fca-80eb-dba70fd30543.mp3	audio.mp3	1
2025-09-26 16:43:25.083132+05	2025-09-26 16:43:25.083201+05	627487fe-72a9-4e02-9987-e4185a6987d2	audio/843837e5-ce40-4c4f-90cc-c27a712cfcef.mp3	audio.mp3	1
2025-09-26 16:44:30.945392+05	2025-09-26 16:44:30.945466+05	9c0f5dba-ded5-4a50-944a-8c5d13c381aa	audio/497d4c5f-4ffa-4ca1-9103-8558a0988310.mp3	audio.mp3	1
2025-09-26 16:45:43.208495+05	2025-09-26 16:45:43.208553+05	7c480374-c45c-4dc1-881d-afa10929d19e	audio/0a1ae149-6deb-4fe6-98e7-67ec861d55c3.mp3	test.mp3	1
2025-09-26 16:47:24.591075+05	2025-09-26 16:47:24.591136+05	990d0448-ac8a-43f9-b28b-8f0c9e6d364b	audio/4a6bfebb-6792-4c3f-bbc3-8307cc436194.mp3	test.mp3	1
2025-09-26 16:47:40.970233+05	2025-09-26 16:47:40.970303+05	fcb3b47a-f9b4-48e0-86f0-48de511fc695	audio/1af706cd-a143-4217-812c-a66bd1233e6f.mp3	audio.mp3	1
2025-09-26 16:48:56.371135+05	2025-09-26 16:48:56.371213+05	5e778700-4d7d-493c-b66d-7bc0f039c06e	audio/c169e769-d446-4071-a60c-6a166e840960.mp3	audio.mp3	1
2025-09-26 16:49:33.314891+05	2025-09-26 16:49:33.314944+05	8d2d83ee-5015-48ce-ac36-be5c7e11a21c	audio/162473c9-599c-4524-ba07-875bfe390dec.mp3	audio.mp3	1
2025-10-03 16:22:13.394321+05	2025-10-03 16:22:13.394357+05	1683bb8d-357d-4427-8beb-4ae6a11ff9b6	audio/c1415f0a-1391-4b3e-920c-ea0118ed26e7.mp3	audio.mp3	1
2025-10-06 10:59:28.494344+05	2025-10-06 10:59:28.494366+05	b4d5c9c3-c03f-4c32-9669-c77b57b17cbc	audio/5a1add8c-636f-4787-8135-52c8f3d6ef09.mp3	audio.mp3	1
2025-10-06 10:59:44.301761+05	2025-10-06 10:59:44.301786+05	42104994-1425-4f97-afb9-07d9bb89725f	audio/5f60834f-d13f-4e36-bd6e-37a92ff578b9.mp3	audio.mp3	1
2025-10-06 11:00:02.041914+05	2025-10-06 11:00:02.042004+05	05960bef-4b0a-4273-807e-7e21da43a0bd	audio/5ad8a337-d410-4980-90bd-f0b2021f925d.mp3	test.mp3	1
2025-10-06 11:00:54.530992+05	2025-10-06 11:00:54.531049+05	a5f2a637-be62-4be4-9b66-14417829efdf	audio/5b06e271-082e-4adc-b87e-f35199feb6e6.mp3	test.mp3	1
2025-10-06 11:01:31.893201+05	2025-10-06 11:01:31.893251+05	08a64cdc-50dc-454b-8488-0310541f6003	audio/0f9f8c02-8fad-4fdb-8467-ea679bd1d282.mp3	test.mp3	1
2025-10-08 17:36:08.229602+05	2025-10-08 17:36:08.229624+05	07316a5c-f76e-4c56-936c-e9f05c9546e0	audio/e114dfbf-b8f9-47b1-b769-eb33ca5c9ae7.mp3	audio.mp3	1
2025-10-10 15:19:41.027061+05	2025-10-10 15:19:41.027084+05	1dada15e-a21e-4d0e-b8e3-2e89d79d84f4	audio/73687602-7964-4170-848d-6dc11fc4e66b.mp3	audio.mp3	1
2025-10-10 15:21:12.572809+05	2025-10-10 15:21:12.572892+05	76788cc6-fbae-4f60-9e93-3c70c98ade08	audio/f3e5c8ce-c1b8-4ee9-892e-00f1df9fb800.mp3	audio.mp3	1
2025-10-13 14:32:38.341099+05	2025-10-13 14:32:38.341121+05	776e306e-0fa0-45cd-9d02-22e7855528ae	audio/cd79cec3-db08-47c2-b28d-69cb4ff2a3b0.mp3	audio.mp3	4
2025-10-13 14:33:02.857791+05	2025-10-13 14:33:02.857811+05	47029e10-9a4c-40f2-92bb-bd02efd0b7ac	audio/4c5eb4ec-9851-410e-8ef0-332be46d0cf9.mp3	audio.mp3	4
2025-10-13 15:32:04.422332+05	2025-10-13 15:32:04.422437+05	317296a6-e223-4d23-9329-7996f3fe49bf	audio/2f61f799-13a6-4a30-994e-329f3bd9507b.mp3	audio.mp3	4
2025-10-13 15:33:08.316484+05	2025-10-13 15:33:08.316565+05	587209a7-ead2-4650-affb-8c1e8c498632	audio/e5c61ac3-d7fc-47ec-972a-02eb6f252fb9.wav	output (1).wav	4
2025-10-13 15:33:42.141483+05	2025-10-13 15:33:42.141549+05	5a392777-267e-4975-908b-a3bd289d75ed	audio/c5c92882-c16f-4419-8760-b11561d40c83.mp3	33414458-22be-462e-9892-a2a7962e6bc8.mp3	4
2025-10-13 15:33:57.318377+05	2025-10-13 15:33:57.318411+05	0bd62250-e427-4056-bf32-6412bb49cff8	audio/a1a7ceb2-5025-47ef-8073-bd3f9242d2f3.mp3	48dc5300-d70d-41c6-b211-1fe07b71ab4a.mp3	4
2025-10-13 15:36:11.739334+05	2025-10-13 15:36:11.739409+05	23b73ac1-849f-43a0-b849-dcff14eb418d	audio/2ca263d9-ea46-46a8-811b-8b0711001b43.mp3	33414458-22be-462e-9892-a2a7962e6bc8.mp3	4
2025-10-13 15:42:04.564022+05	2025-10-13 15:42:04.564068+05	de5fefab-5fa1-452f-bcac-abbc6ed36cf5	audio/11ea2927-5873-43a2-9cd1-0374f8059b1b.mp3	t.mp3	4
2025-10-13 15:44:31.442016+05	2025-10-13 15:44:31.44204+05	beb874d9-f3e9-4498-bcd6-294076362a0c	audio/e415a5aa-b6d6-4da4-9997-9f86dfb39fa3.mp3	audio.mp3	4
\.


--
-- Data for Name: auth_group; Type: TABLE DATA; Schema: public; Owner: shakhriyor
--

COPY public.auth_group (id, name) FROM stdin;
\.


--
-- Data for Name: auth_group_permissions; Type: TABLE DATA; Schema: public; Owner: shakhriyor
--

COPY public.auth_group_permissions (id, group_id, permission_id) FROM stdin;
\.


--
-- Data for Name: auth_permission; Type: TABLE DATA; Schema: public; Owner: shakhriyor
--

COPY public.auth_permission (id, name, content_type_id, codename) FROM stdin;
1	Can add log entry	1	add_logentry
2	Can change log entry	1	change_logentry
3	Can delete log entry	1	delete_logentry
4	Can view log entry	1	view_logentry
5	Can add permission	2	add_permission
6	Can change permission	2	change_permission
7	Can delete permission	2	delete_permission
8	Can view permission	2	view_permission
9	Can add group	3	add_group
10	Can change group	3	change_group
11	Can delete group	3	delete_group
12	Can view group	3	view_group
13	Can add content type	4	add_contenttype
14	Can change content type	4	change_contenttype
15	Can delete content type	4	delete_contenttype
16	Can view content type	4	view_contenttype
17	Can add session	5	add_session
18	Can change session	5	change_session
19	Can delete session	5	delete_session
20	Can view session	5	view_session
21	Can add blacklisted token	6	add_blacklistedtoken
22	Can change blacklisted token	6	change_blacklistedtoken
23	Can delete blacklisted token	6	delete_blacklistedtoken
24	Can view blacklisted token	6	view_blacklistedtoken
25	Can add outstanding token	7	add_outstandingtoken
26	Can change outstanding token	7	change_outstandingtoken
27	Can delete outstanding token	7	delete_outstandingtoken
28	Can view outstanding token	7	view_outstandingtoken
29	Can add crontab	8	add_crontabschedule
30	Can change crontab	8	change_crontabschedule
31	Can delete crontab	8	delete_crontabschedule
32	Can view crontab	8	view_crontabschedule
33	Can add interval	9	add_intervalschedule
34	Can change interval	9	change_intervalschedule
35	Can delete interval	9	delete_intervalschedule
36	Can view interval	9	view_intervalschedule
37	Can add periodic task	10	add_periodictask
38	Can change periodic task	10	change_periodictask
39	Can delete periodic task	10	delete_periodictask
40	Can view periodic task	10	view_periodictask
41	Can add periodic task track	11	add_periodictasks
42	Can change periodic task track	11	change_periodictasks
43	Can delete periodic task track	11	delete_periodictasks
44	Can view periodic task track	11	view_periodictasks
45	Can add solar event	12	add_solarschedule
46	Can change solar event	12	change_solarschedule
47	Can delete solar event	12	delete_solarschedule
48	Can view solar event	12	view_solarschedule
49	Can add clocked	13	add_clockedschedule
50	Can change clocked	13	change_clockedschedule
51	Can delete clocked	13	delete_clockedschedule
52	Can view clocked	13	view_clockedschedule
53	Can add Audio	14	add_audiomodel
54	Can change Audio	14	change_audiomodel
55	Can delete Audio	14	delete_audiomodel
56	Can view Audio	14	view_audiomodel
57	Can add User	15	add_customusermodel
58	Can change User	15	change_customusermodel
59	Can delete User	15	delete_customusermodel
60	Can view User	15	view_customusermodel
61	Can add Email confirmation otp	16	add_emailconfirmotpmodel
62	Can change Email confirmation otp	16	change_emailconfirmotpmodel
63	Can delete Email confirmation otp	16	delete_emailconfirmotpmodel
64	Can view Email confirmation otp	16	view_emailconfirmotpmodel
65	Can add Password reset token	17	add_passwordresettokenmodel
66	Can change Password reset token	17	change_passwordresettokenmodel
67	Can delete Password reset token	17	delete_passwordresettokenmodel
68	Can view Password reset token	17	view_passwordresettokenmodel
69	Can add Picture	18	add_picturemodel
70	Can change Picture	18	change_picturemodel
71	Can delete Picture	18	delete_picturemodel
72	Can view Picture	18	view_picturemodel
73	Can add Social account	19	add_socialaccountmodel
74	Can change Social account	19	change_socialaccountmodel
75	Can delete Social account	19	delete_socialaccountmodel
76	Can view Social account	19	view_socialaccountmodel
77	Can add Audio formats	20	add_ttsaudioformatmodel
78	Can change Audio formats	20	change_ttsaudioformatmodel
79	Can delete Audio formats	20	delete_ttsaudioformatmodel
80	Can view Audio formats	20	view_ttsaudioformatmodel
81	Can add Emotions	21	add_ttsemotionmodel
82	Can change Emotions	21	change_ttsemotionmodel
83	Can delete Emotions	21	delete_ttsemotionmodel
84	Can view Emotions	21	view_ttsemotionmodel
85	Can add Data	22	add_ttsmodel
86	Can change Data	22	change_ttsmodel
87	Can delete Data	22	delete_ttsmodel
88	Can view Data	22	view_ttsmodel
89	Can add Models	23	add_ttsmodelmodel
90	Can change Models	23	change_ttsmodelmodel
91	Can delete Models	23	delete_ttsmodelmodel
92	Can view Models	23	view_ttsmodelmodel
93	Can add Data	24	add_sttmodel
94	Can change Data	24	change_sttmodel
95	Can delete Data	24	delete_sttmodel
96	Can view Data	24	view_sttmodel
97	Can add Models	25	add_sttmodelmodel
98	Can change Models	25	change_sttmodelmodel
99	Can delete Models	25	delete_sttmodelmodel
100	Can view Models	25	view_sttmodelmodel
101	Can add Plans	26	add_planmodel
102	Can change Plans	26	change_planmodel
103	Can delete Plans	26	delete_planmodel
104	Can view Plans	26	view_planmodel
105	Can add Balance	27	add_balancemodel
106	Can change Balance	27	change_balancemodel
107	Can delete Balance	27	delete_balancemodel
108	Can view Balance	27	view_balancemodel
109	Can add Subscription	28	add_subscriptionmodel
110	Can change Subscription	28	change_subscriptionmodel
111	Can delete Subscription	28	delete_subscriptionmodel
112	Can view Subscription	28	view_subscriptionmodel
113	Can add Transaction	29	add_transactionmodel
114	Can change Transaction	29	change_transactionmodel
115	Can delete Transaction	29	delete_transactionmodel
116	Can view Transaction	29	view_transactionmodel
117	Can add expense model	30	add_expensemodel
118	Can change expense model	30	change_expensemodel
119	Can delete expense model	30	delete_expensemodel
120	Can view expense model	30	view_expensemodel
\.


--
-- Data for Name: balance; Type: TABLE DATA; Schema: public; Owner: shakhriyor
--

COPY public.balance (id, created_at, updated_at, cash, user_id, subscription_id, chargeable) FROM stdin;
4	2025-10-06 11:50:28.922245+05	2025-10-13 15:44:31.448249+05	0.0000	4	78	f
1	2025-09-25 11:18:51.379573+05	2025-10-10 15:21:12.586296+05	249880.0000	1	77	f
\.


--
-- Data for Name: django_admin_log; Type: TABLE DATA; Schema: public; Owner: shakhriyor
--

COPY public.django_admin_log (id, action_time, object_id, object_repr, action_flag, change_message, content_type_id, user_id) FROM stdin;
1	2025-09-25 11:22:37.626116+05	1	Free	2	[{"changed": {"fields": ["Description"]}}]	26	1
2	2025-09-25 11:23:32.011745+05	1	Free	2	[]	26	1
3	2025-09-25 11:23:50.819794+05	2	Start	1	[{"added": {}}]	26	1
4	2025-09-25 11:25:34.632548+05	2	Start	2	[{"changed": {"fields": ["Annual price", "Annual credit", "Annual discount"]}}]	26	1
5	2025-09-25 11:25:53.381619+05	2	Start	2	[]	26	1
6	2025-09-25 11:26:00.116798+05	2	Start	2	[]	26	1
7	2025-09-25 11:32:07.459274+05	1	Free	2	[{"changed": {"fields": ["Request limit"]}}]	28	1
8	2025-09-25 13:36:29.328802+05	2	Start	2	[{"changed": {"fields": ["Annual price", "Annual credit"]}}]	26	1
9	2025-09-25 13:36:43.756264+05	2	Start	2	[{"changed": {"fields": ["Annual price"]}}]	26	1
10	2025-09-25 13:36:49.430385+05	2	Start	2	[{"changed": {"fields": ["Annual price"]}}]	26	1
11	2025-09-25 13:39:37.651394+05	1	Free	2	[{"changed": {"fields": ["Request limit"]}}]	26	1
12	2025-09-25 13:39:42.884835+05	2	Start	2	[]	26	1
13	2025-09-25 13:39:52.101126+05	1	Free	2	[]	26	1
14	2025-09-25 13:46:04.469873+05	2	Start	2	[{"changed": {"fields": ["Rate", "Rate time"]}}]	26	1
15	2025-09-25 13:47:32.14938+05	1	Free	2	[{"changed": {"fields": ["Rate"]}}]	26	1
16	2025-09-25 13:47:36.034503+05	2	Start	2	[]	26	1
17	2025-09-25 13:57:35.692201+05	3	Pro	1	[{"added": {}}]	26	1
18	2025-09-25 14:05:52.733078+05	1	Free	2	[{"changed": {"fields": ["Rate", "Rate time", "Monthly credit"]}}]	26	1
19	2025-09-25 14:10:05.721907+05	1	Free	2	[{"changed": {"fields": ["Tts rate", "Tts rate time", "Stt rate time"]}}]	26	1
20	2025-09-25 14:14:20.721004+05	2	Start	2	[{"changed": {"fields": ["Monthly credit", "Monthly price", "Annual credit", "Annual price", "Annual discount"]}}]	26	1
21	2025-09-25 14:15:01.161171+05	2	Start	2	[{"changed": {"fields": ["Tts rate", "Tts rate time", "Stt rate", "Stt rate time"]}}]	26	1
22	2025-09-25 14:15:16.496606+05	1	Free	2	[{"changed": {"fields": ["Tts rate", "Tts rate time", "Stt rate", "Stt rate time"]}}]	26	1
23	2025-09-25 14:17:36.430406+05	3	Pro	2	[{"changed": {"fields": ["Tts rate", "Monthly credit", "Monthly price", "Annual credit", "Annual price"]}}]	26	1
24	2025-09-25 14:19:39.961677+05	2	Start	2	[{"changed": {"fields": ["Annual credit", "Annual price"]}}]	26	1
25	2025-09-25 14:20:00.586361+05	3	Pro	2	[{"changed": {"fields": ["Annual credit", "Annual price"]}}]	26	1
26	2025-09-25 14:31:03.22944+05	3	Pro	2	[{"changed": {"fields": ["Tts rate", "Tts rate time", "Stt rate", "Stt rate time", "Annual discount"]}}]	26	1
27	2025-09-25 14:32:28.011657+05	4	Business	1	[{"added": {}}]	26	1
28	2025-09-25 14:37:44.241033+05	5	Scale	1	[{"added": {}}]	26	1
29	2025-09-25 14:38:44.109519+05	6	Enterprise	1	[{"added": {}}]	26	1
30	2025-09-25 14:41:06.209014+05	1	1	2	[{"changed": {"fields": ["Cash"]}}]	27	1
31	2025-09-25 14:41:35.344545+05	1	1	2	[{"changed": {"fields": ["Cash"]}}]	27	1
32	2025-09-25 14:42:50.500044+05	3	Pro	2	[{"changed": {"fields": ["Annual discount"]}}]	26	1
33	2025-09-25 14:48:47.531765+05	1	1	2	[{"changed": {"fields": ["Cash"]}}]	27	1
34	2025-09-25 14:49:03.063117+05	1	1	2	[{"changed": {"fields": ["Cash"]}}]	27	1
35	2025-09-25 14:51:23.197904+05	1	1	2	[{"changed": {"fields": ["Cash"]}}]	27	1
36	2025-09-25 14:51:39.117165+05	1	1	2	[{"changed": {"fields": ["Cash"]}}]	27	1
37	2025-09-25 14:52:29.144872+05	17	Start	3		28	1
38	2025-09-25 14:52:29.144938+05	16	Start	3		28	1
39	2025-09-25 14:52:29.144958+05	15	Pro	3		28	1
40	2025-09-25 14:52:29.144975+05	14	Pro	3		28	1
41	2025-09-25 14:52:29.144991+05	13	Pro	3		28	1
42	2025-09-25 14:52:29.145007+05	12	Pro	3		28	1
43	2025-09-25 14:52:29.145023+05	11	Pro	3		28	1
44	2025-09-25 14:52:29.145039+05	10	Start	3		28	1
45	2025-09-25 14:52:29.145055+05	9	Start	3		28	1
46	2025-09-25 14:52:29.145071+05	8	Start	3		28	1
47	2025-09-25 14:52:29.145087+05	7	Start	3		28	1
48	2025-09-25 14:52:29.145103+05	6	Start	3		28	1
49	2025-09-25 14:52:29.145118+05	5	Start	3		28	1
50	2025-09-25 14:52:29.145134+05	4	Start	3		28	1
51	2025-09-25 14:52:29.145149+05	3	Free	3		28	1
52	2025-09-25 14:52:29.145165+05	2	Free	3		28	1
53	2025-09-25 14:52:29.14518+05	1	Free	3		28	1
54	2025-09-25 15:01:01.650033+05	2	Start	2	[{"changed": {"fields": ["Annual discount"]}}]	26	1
55	2025-09-25 15:02:08.686912+05	2	Start	2	[{"changed": {"fields": ["Annual discount"]}}]	26	1
56	2025-09-25 15:02:13.34833+05	2	Start	2	[]	26	1
57	2025-09-25 15:02:46.154945+05	3	Pro	2	[{"changed": {"fields": ["Annual discount"]}}]	26	1
58	2025-09-25 15:04:14.756603+05	1	STTModelModel object (1)	1	[{"added": {}}]	25	1
59	2025-09-25 15:04:29.199261+05	2	STTModelModel object (2)	1	[{"added": {}}]	25	1
60	2025-09-25 15:04:53.046488+05	2	STTModelModel object (2)	2	[{"changed": {"fields": ["Title", "Credit", "Cash"]}}]	25	1
61	2025-09-25 15:04:58.863932+05	1	STTModelModel object (1)	3		25	1
62	2025-09-25 15:31:04.097728+05	1	Free	2	[{"changed": {"fields": ["Rate", "Rate time"]}}]	26	1
63	2025-09-25 15:32:15.360808+05	2	Start	2	[{"changed": {"fields": ["Rate", "Rate time"]}}]	26	1
64	2025-09-25 15:32:33.925133+05	3	Pro	2	[{"changed": {"fields": ["Rate", "Rate time"]}}]	26	1
65	2025-09-25 15:32:54.235725+05	4	Business	2	[{"changed": {"fields": ["Rate", "Rate time"]}}]	26	1
66	2025-09-25 15:33:12.020431+05	5	Scale	2	[{"changed": {"fields": ["Rate"]}}]	26	1
67	2025-09-25 15:37:04.469749+05	1	Free	2	[]	26	1
68	2025-09-25 15:42:54.780905+05	1	TTSModelModel object (1)	1	[{"added": {}}]	23	1
69	2025-09-25 15:43:07.778927+05	2	TTSModelModel object (2)	1	[{"added": {}}]	23	1
70	2025-09-25 15:43:20.722508+05	1	TTSEmotionModel object (1)	1	[{"added": {}}]	21	1
71	2025-09-25 15:43:24.828651+05	2	TTSEmotionModel object (2)	1	[{"added": {}}]	21	1
72	2025-09-25 15:43:40.619679+05	1	TTSAudioFormatModel object (1)	1	[{"added": {}}]	20	1
73	2025-09-25 15:43:43.918198+05	2	TTSAudioFormatModel object (2)	1	[{"added": {}}]	20	1
74	2025-09-25 15:43:47.672829+05	3	TTSAudioFormatModel object (3)	1	[{"added": {}}]	20	1
75	2025-09-25 15:43:50.584343+05	4	TTSAudioFormatModel object (4)	1	[{"added": {}}]	20	1
76	2025-09-25 15:50:05.748249+05	26	Free	2	[{"changed": {"fields": ["Expense"]}}]	28	1
77	2025-09-25 15:51:26.226499+05	1	1	2	[{"changed": {"fields": ["Cash"]}}]	27	1
78	2025-09-25 15:53:29.141072+05	1	1	2	[{"changed": {"fields": ["Cash"]}}]	27	1
79	2025-09-25 15:54:24.737199+05	26	Free	2	[{"changed": {"fields": ["Expense"]}}]	28	1
80	2025-09-25 15:54:32.120545+05	1	1	2	[{"changed": {"fields": ["Cash"]}}]	27	1
81	2025-09-25 15:55:14.693225+05	26	Free	2	[{"changed": {"fields": ["Expense"]}}]	28	1
82	2025-09-25 15:55:20.312086+05	1	1	2	[{"changed": {"fields": ["Cash"]}}]	27	1
83	2025-09-25 16:02:05.112365+05	27	Free	1	[{"added": {}}]	28	1
84	2025-09-25 16:02:23.046751+05	26	Free	2	[{"changed": {"fields": ["Status"]}}]	28	1
85	2025-09-25 16:02:42.226109+05	1	1	2	[{"changed": {"fields": ["Subscription"]}}]	27	1
86	2025-09-25 16:04:05.385272+05	26	Free	2	[{"changed": {"fields": ["Status"]}}]	28	1
87	2025-09-25 16:04:31.163815+05	26	Free	2	[{"changed": {"fields": ["Status"]}}]	28	1
88	2025-09-25 16:05:57.101287+05	1	1	2	[{"changed": {"fields": ["Cash"]}}]	27	1
89	2025-09-25 16:06:13.362536+05	27	Free	2	[{"changed": {"fields": ["Expense"]}}]	28	1
90	2025-09-25 16:15:01.112731+05	5	shakhriyormamadaliev221199@gmail.com	1	[{"added": {}}]	15	1
91	2025-09-25 16:15:03.254127+05	5	shakhriyormamadaliev221199@gmail.com	2	[]	15	1
92	2025-09-25 16:15:13.860013+05	6	s.admin@gmail.com	1	[{"added": {}}]	15	1
93	2025-09-25 16:15:15.665534+05	6	s.admin@gmail.com	2	[]	15	1
94	2025-09-25 16:43:51.855515+05	6	s.admin@gmail.com	3		15	1
95	2025-09-25 16:43:51.855586+05	5	shakhriyormamadaliev221199@gmail.com	3		15	1
96	2025-09-25 16:43:59.675652+05	7	shakhriyormamadaliev221199@gmail.com	1	[{"added": {}}]	15	1
97	2025-09-25 16:44:01.144386+05	7	shakhriyormamadaliev221199@gmail.com	2	[]	15	1
98	2025-09-25 17:04:26.008494+05	7	shakhriyormamadaliev221199@gmail.com	3		15	1
99	2025-09-25 17:04:54.209575+05	27	Free	3		28	1
100	2025-09-25 17:04:54.209629+05	26	Free	3		28	1
101	2025-09-25 17:04:54.209642+05	25	Start	3		28	1
102	2025-09-25 17:04:54.209654+05	24	Start	3		28	1
103	2025-09-25 17:04:54.209664+05	23	Start	3		28	1
104	2025-09-25 17:04:54.209676+05	22	Start	3		28	1
105	2025-09-25 17:04:54.209687+05	21	Start	3		28	1
106	2025-09-25 17:04:54.209698+05	20	Start	3		28	1
107	2025-09-25 17:04:54.209708+05	19	Start	3		28	1
108	2025-09-25 17:04:54.209719+05	18	Start	3		28	1
109	2025-09-25 17:07:35.069647+05	33	Free	1	[{"added": {}}]	28	1
110	2025-09-25 17:07:43.081724+05	1	1	2	[{"changed": {"fields": ["Subscription"]}}]	27	1
111	2025-09-25 17:08:47.516287+05	33	Free	2	[]	28	1
112	2025-09-25 17:09:28.352452+05	33	Freee	2	[{"changed": {"fields": ["Title"]}}]	28	1
113	2025-09-25 17:09:59.619568+05	33	Free	2	[{"changed": {"fields": ["Title"]}}]	28	1
114	2025-09-25 17:10:06.884555+05	33	Free	2	[]	28	1
115	2025-09-25 17:11:12.365731+05	33	Free	2	[]	28	1
116	2025-09-25 17:12:58.524596+05	8	shakhriyormamadaliev221199@gmail.com	1	[{"added": {}}]	15	1
117	2025-09-25 17:13:00.422748+05	8	shakhriyormamadaliev221199@gmail.com	2	[]	15	1
118	2025-09-25 17:13:31.708925+05	9	shakhriyormamadaliev@gmail.com	1	[{"added": {}}]	15	1
119	2025-09-25 17:13:33.506767+05	9	shakhriyormamadaliev@gmail.com	2	[]	15	1
120	2025-09-25 17:14:59.249072+05	9	shakhriyormamadaliev@gmail.com	3		15	1
121	2025-09-25 17:14:59.249161+05	8	shakhriyormamadaliev221199@gmail.com	3		15	1
122	2025-09-25 17:15:06.721558+05	10	shakhriyormamadaliev221199@gmail.com	1	[{"added": {}}]	15	1
123	2025-09-25 17:15:08.698577+05	10	shakhriyormamadaliev221199@gmail.com	2	[]	15	1
124	2025-09-25 17:35:39.758965+05	33	Free	2	[{"changed": {"fields": ["Expense", "Rate usage", "Rate reset"]}}]	28	1
125	2025-09-25 17:37:11.009467+05	1	1	2	[{"changed": {"fields": ["Cash"]}}]	27	1
126	2025-09-25 17:37:18.092886+05	7	7	2	[{"changed": {"fields": ["Cash"]}}]	27	1
127	2025-09-25 17:38:14.725629+05	33	Free	2	[{"changed": {"fields": ["Rate usage"]}}]	28	1
128	2025-09-25 17:38:54.253013+05	33	Free	2	[{"changed": {"fields": ["Expense", "Rate usage"]}}]	28	1
129	2025-09-25 17:57:04.956258+05	33	Free	2	[{"changed": {"fields": ["Expense", "Rate usage"]}}]	28	1
130	2025-09-25 17:58:43.753712+05	33	Free	2	[{"changed": {"fields": ["Expense", "Rate usage"]}}]	28	1
131	2025-09-26 10:32:29.786942+05	33	Free	2	[{"changed": {"fields": ["Expense", "Rate usage"]}}]	28	1
132	2025-09-26 10:39:10.159605+05	33	Free	2	[{"changed": {"fields": ["Expense", "Rate usage"]}}]	28	1
133	2025-09-26 10:40:44.856363+05	33	Free	2	[{"changed": {"fields": ["Rate usage"]}}]	28	1
134	2025-09-26 10:41:58.306645+05	33	Free	2	[{"changed": {"fields": ["Rate usage"]}}]	28	1
135	2025-09-26 10:43:21.056614+05	33	Free	2	[{"changed": {"fields": ["Expense"]}}]	28	1
136	2025-09-26 10:45:00.19687+05	33	Free	2	[{"changed": {"fields": ["Expense", "Rate usage"]}}]	28	1
137	2025-09-26 10:46:26.405844+05	33	Free	2	[{"changed": {"fields": ["Rate usage"]}}]	28	1
138	2025-09-26 10:46:34.773627+05	33	Free	2	[{"changed": {"fields": ["Expense"]}}]	28	1
139	2025-09-26 10:46:52.003828+05	33	Free	2	[{"changed": {"fields": ["Rate usage"]}}]	28	1
140	2025-09-26 10:54:01.692204+05	33	Free	2	[{"changed": {"fields": ["Expense", "Rate usage"]}}]	28	1
141	2025-09-26 10:57:33.85768+05	33	Free	2	[{"changed": {"fields": ["Expense"]}}]	28	1
142	2025-09-26 11:09:44.960419+05	1	1	2	[{"changed": {"fields": ["Chargeable"]}}]	27	1
143	2025-09-26 11:10:11.689257+05	1	1	2	[]	27	1
144	2025-09-26 11:10:41.998495+05	33	Free	2	[{"changed": {"fields": ["Expense"]}}]	28	1
145	2025-09-26 11:10:56.957662+05	33	Free	2	[{"changed": {"fields": ["Expense"]}}]	28	1
146	2025-09-26 11:11:12.677096+05	33	Free	2	[{"changed": {"fields": ["Rate usage"]}}]	28	1
147	2025-09-26 11:11:42.267059+05	33	Free	2	[{"changed": {"fields": ["Rate reset"]}}]	28	1
148	2025-09-26 11:13:57.230371+05	1	1	2	[{"changed": {"fields": ["Cash"]}}]	27	1
149	2025-09-26 11:15:28.582083+05	1	1	2	[{"changed": {"fields": ["Cash"]}}]	27	1
150	2025-09-26 11:17:28.817713+05	1	1	2	[{"changed": {"fields": ["Cash"]}}]	27	1
151	2025-09-26 11:18:55.388713+05	39	Start	2	[{"changed": {"fields": ["Rate usage"]}}]	28	1
152	2025-09-26 11:20:19.297011+05	39	Start	2	[{"changed": {"fields": ["Rate"]}}]	28	1
153	2025-09-26 11:20:28.312942+05	39	Start	2	[{"changed": {"fields": ["Rate reset"]}}]	28	1
154	2025-09-26 11:21:20.290672+05	39	Start	2	[{"changed": {"fields": ["Rate usage", "Rate reset"]}}]	28	1
155	2025-09-26 11:24:10.570079+05	39	Start	2	[{"changed": {"fields": ["Rate usage", "Rate reset"]}}]	28	1
156	2025-09-26 11:28:23.766587+05	39	Start	2	[{"changed": {"fields": ["Rate"]}}]	28	1
157	2025-09-26 11:28:32.865851+05	39	Start	2	[{"changed": {"fields": ["Rate"]}}]	28	1
158	2025-09-26 11:28:59.817822+05	39	Start	2	[{"changed": {"fields": ["Rate time"]}}]	28	1
159	2025-09-26 11:30:49.567795+05	39	Start	2	[{"changed": {"fields": ["Expense", "Rate", "Rate usage", "Rate reset"]}}]	28	1
160	2025-09-26 11:30:56.929849+05	1	1	2	[{"changed": {"fields": ["Chargeable"]}}]	27	1
161	2025-09-26 11:31:19.203571+05	1	1	2	[{"changed": {"fields": ["Cash"]}}]	27	1
162	2025-09-26 14:28:45.150536+05	38	Start	3		28	1
163	2025-09-26 14:28:45.150601+05	37	Start	3		28	1
164	2025-09-26 14:28:45.150629+05	33	Free	3		28	1
165	2025-09-26 14:29:00.689036+05	39	Start	2	[{"changed": {"fields": ["Rate usage"]}}]	28	1
166	2025-09-26 14:49:07.331702+05	39	Start	2	[{"changed": {"fields": ["Expense"]}}]	28	1
167	2025-09-26 14:51:23.535292+05	1	1	2	[{"changed": {"fields": ["Cash"]}}]	27	1
168	2025-09-26 14:52:00.316435+05	39	Start	2	[{"changed": {"fields": ["Credit", "Expense"]}}]	28	1
169	2025-09-26 14:56:25.134637+05	1	1	2	[{"changed": {"fields": ["Cash"]}}]	27	1
170	2025-09-26 14:56:40.060095+05	39	Start	2	[{"changed": {"fields": ["Expense"]}}]	28	1
171	2025-09-26 15:16:40.945476+05	7	7	2	[{"changed": {"fields": ["Chargeable"]}}]	27	1
172	2025-09-26 15:17:44.131459+05	1	1	2	[{"changed": {"fields": ["Chargeable"]}}]	27	1
173	2025-09-26 15:18:33.066541+05	39	Start	2	[{"changed": {"fields": ["Expense"]}}]	28	1
174	2025-09-26 15:29:45.53678+05	1	1	2	[{"changed": {"fields": ["Chargeable"]}}]	27	1
175	2025-09-26 15:30:36.608879+05	1	1	2	[]	27	1
176	2025-09-26 15:32:25.793985+05	39	Start	2	[{"changed": {"fields": ["Expense", "Rate"]}}]	28	1
177	2025-09-26 15:33:34.44713+05	1	1	2	[{"changed": {"fields": ["Cash"]}}]	27	1
178	2025-09-26 15:34:03.763273+05	39	Start	2	[{"changed": {"fields": ["Rate usage"]}}]	28	1
179	2025-09-26 15:34:34.269814+05	39	Start	2	[{"changed": {"fields": ["Expense"]}}]	28	1
180	2025-09-26 15:34:54.879482+05	1	1	2	[{"changed": {"fields": ["Cash"]}}]	27	1
181	2025-09-26 15:35:09.483332+05	39	Start	2	[{"changed": {"fields": ["Expense", "Rate time", "Rate usage"]}}]	28	1
182	2025-09-26 15:36:17.09386+05	39	Start	2	[{"changed": {"fields": ["Expense", "Rate", "Rate usage", "Rate reset"]}}]	28	1
183	2025-09-26 15:36:36.498679+05	1	1	2	[{"changed": {"fields": ["Cash"]}}]	27	1
184	2025-09-26 15:37:00.107126+05	39	Start	2	[{"changed": {"fields": ["Expense", "Rate usage", "Rate reset"]}}]	28	1
185	2025-09-26 15:37:43.470847+05	39	Start	2	[{"changed": {"fields": ["Rate"]}}]	28	1
186	2025-09-26 15:38:12.689179+05	39	Start	2	[{"changed": {"fields": ["Expense", "Rate", "Rate usage", "Rate reset"]}}]	28	1
187	2025-09-26 15:38:20.246654+05	1	1	2	[{"changed": {"fields": ["Cash"]}}]	27	1
188	2025-09-26 15:38:58.444181+05	39	Start	2	[{"changed": {"fields": ["Rate reset"]}}]	28	1
189	2025-09-26 15:39:51.610033+05	39	Start	2	[{"changed": {"fields": ["Rate reset"]}}]	28	1
190	2025-09-26 15:40:17.289647+05	ad7ae304-08b6-432f-a519-ad413f3f89fc	TTSModel object (ad7ae304-08b6-432f-a519-ad413f3f89fc)	3		22	1
191	2025-09-26 15:40:17.28973+05	566dba04-bf82-45a5-a966-ef8c827d5f91	TTSModel object (566dba04-bf82-45a5-a966-ef8c827d5f91)	3		22	1
192	2025-09-26 15:40:17.289755+05	134a94ca-bc43-4cc8-b10c-409aceee5a07	TTSModel object (134a94ca-bc43-4cc8-b10c-409aceee5a07)	3		22	1
193	2025-09-26 15:40:17.289777+05	4ef47f12-1275-46ad-a2de-80c0ae36ec26	TTSModel object (4ef47f12-1275-46ad-a2de-80c0ae36ec26)	3		22	1
194	2025-09-26 15:40:17.289798+05	4693d256-8df0-4e3d-a688-6936bc5e62b1	TTSModel object (4693d256-8df0-4e3d-a688-6936bc5e62b1)	3		22	1
195	2025-09-26 15:40:17.289821+05	a79e92d6-8f88-4708-8711-bb55838e897a	TTSModel object (a79e92d6-8f88-4708-8711-bb55838e897a)	3		22	1
196	2025-09-26 15:40:17.289842+05	d823d51d-b801-45da-b4e8-d1079bbd4779	TTSModel object (d823d51d-b801-45da-b4e8-d1079bbd4779)	3		22	1
197	2025-09-26 15:40:17.289863+05	31c44969-ff55-4cd8-b902-f7717f67e6eb	TTSModel object (31c44969-ff55-4cd8-b902-f7717f67e6eb)	3		22	1
198	2025-09-26 15:40:17.289884+05	5efbacfd-90ed-4951-b0c2-45a4deb5f76b	TTSModel object (5efbacfd-90ed-4951-b0c2-45a4deb5f76b)	3		22	1
199	2025-09-26 15:40:17.289905+05	13cc5706-569b-4737-a81e-d4fb760967ec	TTSModel object (13cc5706-569b-4737-a81e-d4fb760967ec)	3		22	1
200	2025-09-26 15:40:17.289926+05	24521384-5500-4410-9cfd-a9d30863c436	TTSModel object (24521384-5500-4410-9cfd-a9d30863c436)	3		22	1
201	2025-09-26 15:40:17.289947+05	965076ff-82e7-4f66-ba41-83182fd64bf9	TTSModel object (965076ff-82e7-4f66-ba41-83182fd64bf9)	3		22	1
202	2025-09-26 15:40:17.28997+05	01d69c50-b484-418e-b7ee-765e32b9451e	TTSModel object (01d69c50-b484-418e-b7ee-765e32b9451e)	3		22	1
203	2025-09-26 15:40:17.289992+05	81e3b6fa-753d-4c0d-b650-636a6dfedfb9	TTSModel object (81e3b6fa-753d-4c0d-b650-636a6dfedfb9)	3		22	1
204	2025-09-26 15:40:17.290014+05	e36c4959-f64e-4595-b387-4311c2d54885	TTSModel object (e36c4959-f64e-4595-b387-4311c2d54885)	3		22	1
205	2025-09-26 15:40:17.290035+05	784ce25f-90b6-4896-b0e4-19ffc5232637	TTSModel object (784ce25f-90b6-4896-b0e4-19ffc5232637)	3		22	1
206	2025-09-26 15:40:17.290057+05	be682b01-82cb-4114-b66f-3aacf841df40	TTSModel object (be682b01-82cb-4114-b66f-3aacf841df40)	3		22	1
207	2025-09-26 15:40:17.290079+05	ee2ac004-cd5f-4afe-b650-71f7bffaec32	TTSModel object (ee2ac004-cd5f-4afe-b650-71f7bffaec32)	3		22	1
208	2025-09-26 15:40:17.2901+05	4ba91ac8-5874-45e0-85b5-848e96c510a2	TTSModel object (4ba91ac8-5874-45e0-85b5-848e96c510a2)	3		22	1
209	2025-09-26 15:40:17.290121+05	45d982d1-db95-4833-a058-3c915d5240a9	TTSModel object (45d982d1-db95-4833-a058-3c915d5240a9)	3		22	1
210	2025-09-26 15:40:17.290142+05	f63ffac5-609b-4ddd-861c-0408919c62df	TTSModel object (f63ffac5-609b-4ddd-861c-0408919c62df)	3		22	1
211	2025-09-26 15:40:17.290164+05	ca518c7a-34fe-4410-8ee1-aa4ec50cf24c	TTSModel object (ca518c7a-34fe-4410-8ee1-aa4ec50cf24c)	3		22	1
212	2025-09-26 15:40:17.290185+05	602e8e86-cce4-4cf8-86d0-1dcdb460048a	TTSModel object (602e8e86-cce4-4cf8-86d0-1dcdb460048a)	3		22	1
213	2025-09-26 15:40:17.290207+05	17c00a8b-f028-43da-9f50-e804b523a287	TTSModel object (17c00a8b-f028-43da-9f50-e804b523a287)	3		22	1
214	2025-09-26 15:40:17.290228+05	776ce6b6-d020-452e-a46b-4c9c6bbd35d2	TTSModel object (776ce6b6-d020-452e-a46b-4c9c6bbd35d2)	3		22	1
215	2025-09-26 15:40:17.290249+05	92addfe0-eed6-4ef6-86de-e41cf466c3e9	TTSModel object (92addfe0-eed6-4ef6-86de-e41cf466c3e9)	3		22	1
216	2025-09-26 15:40:17.29027+05	db160e4c-fc87-4b3f-b3d8-95cacb9d39d3	TTSModel object (db160e4c-fc87-4b3f-b3d8-95cacb9d39d3)	3		22	1
217	2025-09-26 15:40:17.290291+05	6b476a90-a49a-497b-8087-2555597528d5	TTSModel object (6b476a90-a49a-497b-8087-2555597528d5)	3		22	1
218	2025-09-26 15:40:17.290312+05	d09bb33c-9ba1-4935-a1cd-90774fa4e063	TTSModel object (d09bb33c-9ba1-4935-a1cd-90774fa4e063)	3		22	1
219	2025-09-26 15:40:17.290332+05	1f185fe0-13f9-466f-a82f-2133e4dfc70f	TTSModel object (1f185fe0-13f9-466f-a82f-2133e4dfc70f)	3		22	1
387	2025-09-29 11:17:51.84713+05	1616	Free	3		28	1
220	2025-09-26 15:40:17.290353+05	417485cb-cd01-41b3-aafd-237b391e8880	TTSModel object (417485cb-cd01-41b3-aafd-237b391e8880)	3		22	1
221	2025-09-26 15:40:17.290373+05	e5202899-8eac-464d-b4c1-36e1bb2ad6c8	TTSModel object (e5202899-8eac-464d-b4c1-36e1bb2ad6c8)	3		22	1
222	2025-09-26 15:40:17.290393+05	4147bf57-a1c3-4de2-b6be-bf855c0d9f13	TTSModel object (4147bf57-a1c3-4de2-b6be-bf855c0d9f13)	3		22	1
223	2025-09-26 15:40:17.290413+05	501c831f-fc2d-48b6-8927-feb0f258a437	TTSModel object (501c831f-fc2d-48b6-8927-feb0f258a437)	3		22	1
224	2025-09-26 15:40:17.290434+05	f281c66e-de41-4bb1-a2c8-a250c73fa8ad	TTSModel object (f281c66e-de41-4bb1-a2c8-a250c73fa8ad)	3		22	1
225	2025-09-26 15:40:17.290455+05	b856522d-ae18-403b-bff9-616e12ea6af6	TTSModel object (b856522d-ae18-403b-bff9-616e12ea6af6)	3		22	1
226	2025-09-26 15:40:17.290477+05	a6fb887f-7090-4b71-9a82-7c77034ffd3e	TTSModel object (a6fb887f-7090-4b71-9a82-7c77034ffd3e)	3		22	1
227	2025-09-26 15:40:17.290499+05	f4c43bc6-cd1b-44ed-91b3-7cbc5606d516	TTSModel object (f4c43bc6-cd1b-44ed-91b3-7cbc5606d516)	3		22	1
228	2025-09-26 15:40:17.290519+05	861cbec1-69b2-4577-96f3-788509b91331	TTSModel object (861cbec1-69b2-4577-96f3-788509b91331)	3		22	1
229	2025-09-26 15:40:17.290541+05	96d6a14e-11f4-4cd4-9ca4-869373835760	TTSModel object (96d6a14e-11f4-4cd4-9ca4-869373835760)	3		22	1
230	2025-09-26 15:40:17.290562+05	ad61828a-7e32-4b0c-bf57-87fbf2a383fd	TTSModel object (ad61828a-7e32-4b0c-bf57-87fbf2a383fd)	3		22	1
231	2025-09-26 15:40:17.290583+05	5a6d30d4-3dfb-4379-ac58-0ec72e17c715	TTSModel object (5a6d30d4-3dfb-4379-ac58-0ec72e17c715)	3		22	1
232	2025-09-26 15:40:17.290604+05	d1c071e4-96ae-45e0-9fe5-11871b043f26	TTSModel object (d1c071e4-96ae-45e0-9fe5-11871b043f26)	3		22	1
233	2025-09-26 15:40:17.290626+05	a2744dce-619f-40e9-abd8-5c0200cc2dd8	TTSModel object (a2744dce-619f-40e9-abd8-5c0200cc2dd8)	3		22	1
234	2025-09-26 15:40:17.290647+05	21df270d-459c-4aa6-ade8-030b1dd2dd1a	TTSModel object (21df270d-459c-4aa6-ade8-030b1dd2dd1a)	3		22	1
235	2025-09-26 15:40:17.290668+05	ccd7d18c-548d-4dfd-88ad-acf5ae545330	TTSModel object (ccd7d18c-548d-4dfd-88ad-acf5ae545330)	3		22	1
236	2025-09-26 15:40:17.290689+05	9692744d-ce55-4f44-b7bb-893fbf921a57	TTSModel object (9692744d-ce55-4f44-b7bb-893fbf921a57)	3		22	1
237	2025-09-26 15:40:17.29071+05	12	TTSModel object (12)	3		22	1
238	2025-09-26 15:40:17.290731+05	11	TTSModel object (11)	3		22	1
239	2025-09-26 15:40:17.290752+05	10	TTSModel object (10)	3		22	1
240	2025-09-26 15:40:17.290773+05	9	TTSModel object (9)	3		22	1
241	2025-09-26 15:40:17.290798+05	8	TTSModel object (8)	3		22	1
242	2025-09-26 15:40:17.290819+05	7	TTSModel object (7)	3		22	1
243	2025-09-26 15:40:17.290841+05	6	TTSModel object (6)	3		22	1
244	2025-09-26 15:40:17.290862+05	5	TTSModel object (5)	3		22	1
245	2025-09-26 15:40:17.290883+05	4	TTSModel object (4)	3		22	1
246	2025-09-26 15:40:17.290904+05	3	TTSModel object (3)	3		22	1
247	2025-09-26 15:40:17.290925+05	2	TTSModel object (2)	3		22	1
248	2025-09-26 15:40:17.29096+05	1	TTSModel object (1)	3		22	1
249	2025-09-26 15:40:25.426091+05	7	7	2	[]	27	1
250	2025-09-26 15:41:42.740408+05	1	1	2	[{"changed": {"fields": ["Cash"]}}]	27	1
251	2025-09-26 15:41:57.922689+05	39	Start	3		28	1
252	2025-09-26 15:44:32.65471+05	40	Start	2	[{"changed": {"fields": ["Rate reset"]}}]	28	1
253	2025-09-26 16:24:46.271265+05	5b34563c-f862-45fb-a949-995ac130b980	STTModel object (5b34563c-f862-45fb-a949-995ac130b980)	3		24	1
254	2025-09-26 16:24:46.27132+05	f21d7a8f-ad16-44ac-9ab2-c0e49e2e79b5	STTModel object (f21d7a8f-ad16-44ac-9ab2-c0e49e2e79b5)	3		24	1
255	2025-09-26 16:36:52.49297+05	40	Start	2	[{"changed": {"fields": ["Rate"]}}]	28	1
256	2025-09-26 16:39:01.627309+05	1	1	2	[{"changed": {"fields": ["Chargeable"]}}]	27	1
257	2025-09-26 16:41:36.077123+05	40	Start	2	[{"changed": {"fields": ["Expense"]}}]	28	1
258	2025-09-26 16:41:50.269832+05	1	1	2	[{"changed": {"fields": ["Chargeable"]}}]	27	1
259	2025-09-26 16:42:00.861508+05	1	1	2	[{"changed": {"fields": ["Cash"]}}]	27	1
260	2025-09-26 16:42:23.527152+05	1	1	2	[{"changed": {"fields": ["Cash"]}}]	27	1
261	2025-09-26 16:42:44.995496+05	40	Start	2	[{"changed": {"fields": ["Expense"]}}]	28	1
262	2025-09-26 16:42:54.055233+05	40	Start	2	[{"changed": {"fields": ["Rate usage"]}}]	28	1
263	2025-09-26 16:44:23.194876+05	40	Start	2	[{"changed": {"fields": ["Expense", "Rate usage", "Rate reset"]}}]	28	1
264	2025-09-26 16:45:07.816526+05	40	Start	2	[{"changed": {"fields": ["Expense", "Rate usage"]}}]	28	1
265	2025-09-26 16:45:16.378016+05	40	Start	2	[{"changed": {"fields": ["Rate reset"]}}]	28	1
266	2025-09-26 16:45:33.004947+05	1	1	2	[{"changed": {"fields": ["Cash"]}}]	27	1
267	2025-09-26 16:46:29.069652+05	40	Start	2	[{"changed": {"fields": ["Expense"]}}]	28	1
268	2025-09-26 16:47:15.9029+05	1	1	2	[{"changed": {"fields": ["Cash"]}}]	27	1
269	2025-09-26 16:47:52.679389+05	1	1	2	[{"changed": {"fields": ["Cash"]}}]	27	1
270	2025-09-26 16:48:12.992997+05	1	1	2	[{"changed": {"fields": ["Chargeable"]}}]	27	1
271	2025-09-26 16:48:34.620613+05	40	Start	2	[{"changed": {"fields": ["Expense"]}}]	28	1
272	2025-09-26 16:48:51.369051+05	40	Start	2	[{"changed": {"fields": ["Rate reset"]}}]	28	1
273	2025-09-26 16:49:15.376206+05	40	Start	2	[{"changed": {"fields": ["Rate time", "Rate reset"]}}]	28	1
274	2025-09-26 16:49:27.105996+05	40	Start	2	[{"changed": {"fields": ["Rate time", "Rate usage"]}}]	28	1
275	2025-09-26 16:49:58.020364+05	1	1	2	[{"changed": {"fields": ["Cash", "Chargeable"]}}]	27	1
276	2025-09-26 17:22:14.916953+05	7	7	2	[{"changed": {"fields": ["Chargeable"]}}]	27	1
277	2025-09-26 17:22:44.759272+05	36	Free	2	[{"changed": {"fields": ["Rate"]}}]	28	1
278	2025-09-26 17:23:42.194893+05	7	7	2	[{"changed": {"fields": ["Chargeable"]}}]	27	1
279	2025-09-26 17:24:05.056247+05	36	Free	2	[{"changed": {"fields": ["Rate usage"]}}]	28	1
280	2025-09-26 17:24:16.82851+05	36	Free	2	[{"changed": {"fields": ["Rate reset"]}}]	28	1
281	2025-09-26 17:24:50.831739+05	36	Free	2	[{"changed": {"fields": ["Rate"]}}]	28	1
282	2025-09-26 17:25:15.283769+05	40	Start	3		28	1
283	2025-09-26 17:37:20.165201+05	2	Start	2	[{"changed": {"fields": ["Monthly price", "Annual price"]}}]	26	1
284	2025-09-26 17:39:59.07236+05	2	Start	2	[{"changed": {"fields": ["Monthly credit", "Monthly price", "Annual price"]}}]	26	1
285	2025-09-26 17:45:44.972064+05	2	Start	2	[{"changed": {"fields": ["Monthly credit", "Monthly price", "Annual price"]}}]	26	1
286	2025-09-26 17:46:46.110611+05	2	Start	2	[]	26	1
287	2025-09-26 17:47:14.142434+05	3	Pro	2	[{"changed": {"fields": ["Monthly price", "Annual price"]}}]	26	1
288	2025-09-26 17:47:55.463593+05	4	Business	2	[{"changed": {"fields": ["Monthly price", "Annual price"]}}]	26	1
289	2025-09-26 17:48:14.339065+05	4	Business	2	[{"changed": {"fields": ["Annual price"]}}]	26	1
290	2025-09-26 17:51:19.019912+05	5	Scale	2	[{"changed": {"fields": ["Monthly price", "Annual price"]}}]	26	1
291	2025-09-27 15:26:22.8232+05	66	Start	3		28	1
292	2025-09-27 15:26:22.823292+05	65	Start	3		28	1
293	2025-09-27 15:26:22.823328+05	64	Start	3		28	1
294	2025-09-27 15:26:22.823357+05	63	Start	3		28	1
295	2025-09-27 15:26:22.823386+05	62	Start	3		28	1
296	2025-09-27 15:26:22.823415+05	61	Start	3		28	1
297	2025-09-27 15:26:22.823442+05	60	Start	3		28	1
298	2025-09-27 15:26:22.823469+05	59	Start	3		28	1
299	2025-09-27 15:26:22.823497+05	58	Start	3		28	1
300	2025-09-27 15:26:22.823525+05	57	Start	3		28	1
301	2025-09-27 15:26:22.823553+05	56	Start	3		28	1
302	2025-09-27 15:26:22.823581+05	55	Start	3		28	1
303	2025-09-27 15:26:22.823608+05	54	Start	3		28	1
304	2025-09-27 15:26:22.823636+05	53	Start	3		28	1
305	2025-09-27 15:26:22.823663+05	52	Start	3		28	1
306	2025-09-27 15:26:22.823692+05	51	Start	3		28	1
307	2025-09-27 15:26:22.823718+05	50	Start	3		28	1
308	2025-09-27 15:26:22.823745+05	49	Start	3		28	1
309	2025-09-27 15:26:22.823771+05	48	Start	3		28	1
310	2025-09-27 15:26:22.823798+05	47	Start	3		28	1
311	2025-09-27 15:26:22.823817+05	46	Start	3		28	1
312	2025-09-27 15:26:22.823837+05	45	Free	3		28	1
313	2025-09-27 15:26:22.823856+05	44	Start	3		28	1
314	2025-09-27 15:26:22.823897+05	43	Start	3		28	1
315	2025-09-27 15:26:22.823917+05	42	Start	3		28	1
316	2025-09-27 15:26:22.823938+05	41	Start	3		28	1
317	2025-09-27 15:26:22.823958+05	36	Free	3		28	1
318	2025-09-27 15:34:51.03182+05	86	Free	2	[{"changed": {"fields": ["Expense"]}}]	28	1
319	2025-09-27 16:01:46.239318+05	87	Free	2	[{"changed": {"fields": ["Expense"]}}]	28	1
320	2025-09-27 16:04:52.524682+05	89	Free	3		28	1
321	2025-09-27 16:04:52.524728+05	88	Free	3		28	1
322	2025-09-27 16:11:02.044569+05	104	Free	3		28	1
323	2025-09-27 16:11:02.044631+05	103	Free	3		28	1
324	2025-09-27 16:11:02.044648+05	102	Free	3		28	1
325	2025-09-27 16:11:02.044661+05	101	Free	3		28	1
326	2025-09-27 16:11:02.044676+05	100	Free	3		28	1
327	2025-09-27 16:11:02.04469+05	99	Free	3		28	1
328	2025-09-27 16:11:02.044703+05	98	Free	3		28	1
329	2025-09-27 16:11:02.044716+05	97	Free	3		28	1
330	2025-09-27 16:11:02.044729+05	96	Free	3		28	1
331	2025-09-27 16:11:02.044743+05	95	Free	3		28	1
332	2025-09-27 16:11:02.044757+05	94	Free	3		28	1
333	2025-09-27 16:11:02.044771+05	93	Free	3		28	1
334	2025-09-27 16:11:02.044784+05	92	Free	3		28	1
335	2025-09-27 16:11:02.044798+05	91	Start	3		28	1
336	2025-09-27 16:11:02.044811+05	90	Start	3		28	1
337	2025-09-27 16:11:02.044825+05	87	Free	3		28	1
338	2025-09-27 16:11:02.044838+05	86	Free	3		28	1
339	2025-09-27 16:11:02.044851+05	85	Start	3		28	1
340	2025-09-27 16:11:02.044864+05	84	Start	3		28	1
341	2025-09-27 16:11:02.044877+05	83	Start	3		28	1
342	2025-09-27 16:11:02.04489+05	82	Start	3		28	1
343	2025-09-27 16:11:02.044903+05	81	Start	3		28	1
344	2025-09-27 16:11:02.044917+05	80	Start	3		28	1
345	2025-09-27 16:11:02.04493+05	79	Start	3		28	1
346	2025-09-27 16:11:02.044943+05	78	Start	3		28	1
347	2025-09-27 16:11:02.044956+05	77	Start	3		28	1
348	2025-09-27 16:11:02.04497+05	76	Start	3		28	1
349	2025-09-27 16:11:02.044983+05	75	Start	3		28	1
350	2025-09-27 16:11:02.044996+05	74	Start	3		28	1
351	2025-09-27 16:11:02.045008+05	73	Start	3		28	1
352	2025-09-27 16:11:02.045022+05	72	Start	3		28	1
353	2025-09-27 16:11:02.045035+05	71	Start	3		28	1
354	2025-09-27 16:11:02.045048+05	70	Start	3		28	1
355	2025-09-27 16:11:02.045061+05	69	Start	3		28	1
356	2025-09-27 16:11:02.045074+05	68	Start	3		28	1
357	2025-09-27 16:11:02.045087+05	67	Start	3		28	1
358	2025-09-27 16:14:59.497532+05	109	Start	3		28	1
359	2025-09-27 16:14:59.497591+05	108	Start	3		28	1
360	2025-09-27 16:14:59.497608+05	107	Free	3		28	1
361	2025-09-27 16:14:59.497622+05	106	Free	3		28	1
362	2025-09-27 16:14:59.497635+05	105	Free	3		28	1
363	2025-09-27 16:16:56.156679+05	113	Free	2	[{"changed": {"fields": ["Status", "User"]}}]	28	1
364	2025-09-27 16:17:36.481211+05	115	Free	2	[{"changed": {"fields": ["User"]}}]	28	1
365	2025-09-27 16:20:08.638974+05	1	1	2	[]	27	1
366	2025-09-27 16:26:30.603925+05	136	Free	2	[{"changed": {"fields": ["End date"]}}]	28	1
367	2025-09-27 16:26:47.53297+05	136	Free	2	[{"changed": {"fields": ["Start date", "End date"]}}]	28	1
368	2025-09-27 16:27:04.305644+05	136	Free	2	[{"changed": {"fields": ["End date"]}}]	28	1
369	2025-09-27 16:27:19.299561+05	136	Free	2	[{"changed": {"fields": ["End date"]}}]	28	1
370	2025-09-27 16:29:38.401997+05	137	Free	2	[{"changed": {"fields": ["Auto renew"]}}]	28	1
371	2025-09-27 16:29:42.403072+05	136	Free	2	[{"changed": {"fields": ["Auto renew"]}}]	28	1
372	2025-09-27 16:30:13.087564+05	138	Free	2	[{"changed": {"fields": ["Auto renew"]}}]	28	1
373	2025-09-27 16:30:24.660486+05	137	Free	2	[{"changed": {"fields": ["Status"]}}]	28	1
374	2025-09-27 16:42:01.277622+05	138	Free	2	[{"changed": {"fields": ["Status"]}}]	28	1
375	2025-09-27 16:42:22.726238+05	137	Free	2	[{"changed": {"fields": ["Status"]}}]	28	1
376	2025-09-27 16:42:38.132955+05	7	7	2	[{"changed": {"fields": ["Subscription"]}}]	27	1
377	2025-09-27 16:42:52.933337+05	1	1	2	[{"changed": {"fields": ["Subscription"]}}]	27	1
378	2025-09-27 16:43:30.640202+05	139	Free	2	[{"changed": {"fields": ["Auto renew"]}}]	28	1
379	2025-09-27 17:50:00.784594+05	1	1	2	[{"changed": {"fields": ["Subscription"]}}]	27	1
380	2025-09-27 17:50:07.941334+05	7	7	2	[{"changed": {"fields": ["Subscription"]}}]	27	1
381	2025-09-27 17:51:38.633458+05	140	Free	2	[{"changed": {"fields": ["Status"]}}]	28	1
382	2025-09-27 17:52:11.859052+05	141	Free	2	[{"changed": {"fields": ["Status"]}}]	28	1
383	2025-09-29 11:17:51.847094+05	1620	Free	3		28	1
384	2025-09-29 11:17:51.847115+05	1619	Free	3		28	1
385	2025-09-29 11:17:51.847121+05	1618	Free	3		28	1
386	2025-09-29 11:17:51.847125+05	1617	Free	3		28	1
388	2025-09-29 11:17:51.847134+05	1615	Free	3		28	1
389	2025-09-29 11:17:51.847137+05	1614	Free	3		28	1
390	2025-09-29 11:17:51.847141+05	1613	Free	3		28	1
391	2025-09-29 11:17:51.847145+05	1612	Free	3		28	1
392	2025-09-29 11:17:51.847148+05	1611	Free	3		28	1
393	2025-09-29 11:17:51.847152+05	1610	Free	3		28	1
394	2025-09-29 11:17:51.847156+05	1609	Free	3		28	1
395	2025-09-29 11:17:51.84716+05	1608	Free	3		28	1
396	2025-09-29 11:17:51.847164+05	1607	Free	3		28	1
397	2025-09-29 11:17:51.847167+05	1606	Free	3		28	1
398	2025-09-29 11:17:51.847171+05	1605	Free	3		28	1
399	2025-09-29 11:17:51.847174+05	1604	Free	3		28	1
400	2025-09-29 11:17:51.847178+05	1603	Free	3		28	1
401	2025-09-29 11:17:51.847181+05	1602	Free	3		28	1
402	2025-09-29 11:17:51.847184+05	1601	Free	3		28	1
403	2025-09-29 11:17:51.847188+05	1600	Free	3		28	1
404	2025-09-29 11:17:51.847191+05	1599	Free	3		28	1
405	2025-09-29 11:17:51.847194+05	1598	Free	3		28	1
406	2025-09-29 11:17:51.847198+05	1597	Free	3		28	1
407	2025-09-29 11:17:51.847201+05	1596	Free	3		28	1
408	2025-09-29 11:17:51.847205+05	1595	Free	3		28	1
409	2025-09-29 11:17:51.847208+05	1594	Free	3		28	1
410	2025-09-29 11:17:51.847212+05	1593	Free	3		28	1
411	2025-09-29 11:17:51.847216+05	1592	Free	3		28	1
412	2025-09-29 11:17:51.847219+05	1591	Free	3		28	1
413	2025-09-29 11:17:51.847223+05	1590	Free	3		28	1
414	2025-09-29 11:17:51.847226+05	1589	Free	3		28	1
415	2025-09-29 11:17:51.847229+05	1588	Free	3		28	1
416	2025-09-29 11:17:51.847233+05	1587	Free	3		28	1
417	2025-09-29 11:17:51.847237+05	1586	Free	3		28	1
418	2025-09-29 11:17:51.84724+05	1585	Free	3		28	1
419	2025-09-29 11:17:51.847243+05	1584	Free	3		28	1
420	2025-09-29 11:17:51.847247+05	1583	Free	3		28	1
421	2025-09-29 11:17:51.84725+05	1582	Free	3		28	1
422	2025-09-29 11:17:51.847254+05	1581	Free	3		28	1
423	2025-09-29 11:17:51.847258+05	1580	Free	3		28	1
424	2025-09-29 11:17:51.847261+05	1579	Free	3		28	1
425	2025-09-29 11:17:51.847265+05	1578	Free	3		28	1
426	2025-09-29 11:17:51.847268+05	1577	Free	3		28	1
427	2025-09-29 11:17:51.847271+05	1576	Free	3		28	1
428	2025-09-29 11:17:51.847274+05	1575	Free	3		28	1
429	2025-09-29 11:17:51.847278+05	1574	Free	3		28	1
430	2025-09-29 11:17:51.847281+05	1573	Free	3		28	1
431	2025-09-29 11:17:51.847284+05	1572	Free	3		28	1
432	2025-09-29 11:17:51.847288+05	1571	Free	3		28	1
433	2025-09-29 11:17:51.847291+05	1570	Free	3		28	1
434	2025-09-29 11:17:51.847294+05	1569	Free	3		28	1
435	2025-09-29 11:17:51.847298+05	1568	Free	3		28	1
436	2025-09-29 11:17:51.847301+05	1567	Free	3		28	1
437	2025-09-29 11:17:51.847304+05	1566	Free	3		28	1
438	2025-09-29 11:17:51.847308+05	1565	Free	3		28	1
439	2025-09-29 11:17:51.847311+05	1564	Free	3		28	1
440	2025-09-29 11:17:51.847314+05	1563	Free	3		28	1
441	2025-09-29 11:17:51.847318+05	1562	Free	3		28	1
442	2025-09-29 11:17:51.847321+05	1561	Free	3		28	1
443	2025-09-29 11:17:51.847324+05	1560	Free	3		28	1
444	2025-09-29 11:17:51.847327+05	1559	Free	3		28	1
445	2025-09-29 11:17:51.847331+05	1558	Free	3		28	1
446	2025-09-29 11:17:51.847334+05	1557	Free	3		28	1
447	2025-09-29 11:17:51.847337+05	1556	Free	3		28	1
448	2025-09-29 11:17:51.847341+05	1555	Free	3		28	1
449	2025-09-29 11:17:51.847345+05	1554	Free	3		28	1
450	2025-09-29 11:17:51.847348+05	1553	Free	3		28	1
451	2025-09-29 11:17:51.847351+05	1552	Free	3		28	1
452	2025-09-29 11:17:51.847355+05	1551	Free	3		28	1
453	2025-09-29 11:17:51.847358+05	1550	Free	3		28	1
454	2025-09-29 11:17:51.847362+05	1549	Free	3		28	1
455	2025-09-29 11:17:51.847365+05	1548	Free	3		28	1
456	2025-09-29 11:17:51.847369+05	1547	Free	3		28	1
457	2025-09-29 11:17:51.847372+05	1546	Free	3		28	1
458	2025-09-29 11:17:51.847375+05	1545	Free	3		28	1
459	2025-09-29 11:17:51.847379+05	1544	Free	3		28	1
460	2025-09-29 11:17:51.847383+05	1543	Free	3		28	1
461	2025-09-29 11:17:51.847387+05	1542	Free	3		28	1
462	2025-09-29 11:17:51.84739+05	1541	Free	3		28	1
463	2025-09-29 11:17:51.847393+05	1540	Free	3		28	1
464	2025-09-29 11:17:51.847427+05	1539	Free	3		28	1
465	2025-09-29 11:17:51.847432+05	1538	Free	3		28	1
466	2025-09-29 11:17:51.847436+05	1537	Free	3		28	1
467	2025-09-29 11:17:51.847439+05	1536	Free	3		28	1
468	2025-09-29 11:17:51.847442+05	1535	Free	3		28	1
469	2025-09-29 11:17:51.847446+05	1534	Free	3		28	1
470	2025-09-29 11:17:51.847449+05	1533	Free	3		28	1
471	2025-09-29 11:17:51.847452+05	1532	Free	3		28	1
472	2025-09-29 11:17:51.847456+05	1531	Free	3		28	1
473	2025-09-29 11:17:51.847459+05	1530	Free	3		28	1
474	2025-09-29 11:17:51.847462+05	1529	Free	3		28	1
475	2025-09-29 11:17:51.847466+05	1528	Free	3		28	1
476	2025-09-29 11:17:51.847469+05	1527	Free	3		28	1
477	2025-09-29 11:17:51.847472+05	1526	Free	3		28	1
478	2025-09-29 11:17:51.847476+05	1525	Free	3		28	1
479	2025-09-29 11:17:51.847479+05	1524	Free	3		28	1
480	2025-09-29 11:17:51.847482+05	1523	Free	3		28	1
481	2025-09-29 11:17:51.847485+05	1522	Free	3		28	1
482	2025-09-29 11:18:00.718102+05	1521	Free	3		28	1
483	2025-09-29 11:18:00.718135+05	1520	Free	3		28	1
484	2025-09-29 11:18:00.718147+05	1519	Free	3		28	1
485	2025-09-29 11:18:00.718155+05	1518	Free	3		28	1
486	2025-09-29 11:18:00.718163+05	1517	Free	3		28	1
487	2025-09-29 11:18:00.718171+05	1516	Free	3		28	1
488	2025-09-29 11:18:00.718179+05	1515	Free	3		28	1
489	2025-09-29 11:18:00.718186+05	1514	Free	3		28	1
490	2025-09-29 11:18:00.718193+05	1513	Free	3		28	1
491	2025-09-29 11:18:00.7182+05	1512	Free	3		28	1
492	2025-09-29 11:18:00.718208+05	1511	Free	3		28	1
493	2025-09-29 11:18:00.718215+05	1510	Free	3		28	1
494	2025-09-29 11:18:00.718223+05	1509	Free	3		28	1
495	2025-09-29 11:18:00.71823+05	1508	Free	3		28	1
496	2025-09-29 11:18:00.718237+05	1507	Free	3		28	1
497	2025-09-29 11:18:00.718244+05	1506	Free	3		28	1
498	2025-09-29 11:18:00.718251+05	1505	Free	3		28	1
499	2025-09-29 11:18:00.718258+05	1504	Free	3		28	1
500	2025-09-29 11:18:00.718265+05	1503	Free	3		28	1
501	2025-09-29 11:18:00.718272+05	1502	Free	3		28	1
502	2025-09-29 11:18:00.718278+05	1501	Free	3		28	1
503	2025-09-29 11:18:00.718286+05	1500	Free	3		28	1
504	2025-09-29 11:18:00.718293+05	1499	Free	3		28	1
505	2025-09-29 11:18:00.7183+05	1498	Free	3		28	1
506	2025-09-29 11:18:00.718307+05	1497	Free	3		28	1
507	2025-09-29 11:18:00.718314+05	1496	Free	3		28	1
508	2025-09-29 11:18:00.718321+05	1495	Free	3		28	1
509	2025-09-29 11:18:00.718329+05	1494	Free	3		28	1
510	2025-09-29 11:18:00.718335+05	1493	Free	3		28	1
511	2025-09-29 11:18:00.718342+05	1492	Free	3		28	1
512	2025-09-29 11:18:00.718349+05	1491	Free	3		28	1
513	2025-09-29 11:18:00.718356+05	1490	Free	3		28	1
514	2025-09-29 11:18:00.718363+05	1489	Free	3		28	1
515	2025-09-29 11:18:00.71837+05	1488	Free	3		28	1
516	2025-09-29 11:18:00.718377+05	1487	Free	3		28	1
517	2025-09-29 11:18:00.718384+05	1486	Free	3		28	1
518	2025-09-29 11:18:00.71839+05	1485	Free	3		28	1
519	2025-09-29 11:18:00.718397+05	1484	Free	3		28	1
520	2025-09-29 11:18:00.718404+05	1483	Free	3		28	1
521	2025-09-29 11:18:00.718411+05	1482	Free	3		28	1
522	2025-09-29 11:18:00.718418+05	1481	Free	3		28	1
523	2025-09-29 11:18:00.718426+05	1480	Free	3		28	1
524	2025-09-29 11:18:00.718433+05	1479	Free	3		28	1
525	2025-09-29 11:18:00.71844+05	1478	Free	3		28	1
526	2025-09-29 11:18:00.718448+05	1477	Free	3		28	1
527	2025-09-29 11:18:00.718455+05	1476	Free	3		28	1
528	2025-09-29 11:18:00.718461+05	1475	Free	3		28	1
529	2025-09-29 11:18:00.718468+05	1474	Free	3		28	1
530	2025-09-29 11:18:00.718475+05	1473	Free	3		28	1
531	2025-09-29 11:18:00.718482+05	1472	Free	3		28	1
532	2025-09-29 11:18:00.718489+05	1471	Free	3		28	1
533	2025-09-29 11:18:00.718496+05	1470	Free	3		28	1
534	2025-09-29 11:18:00.718503+05	1469	Free	3		28	1
535	2025-09-29 11:18:00.718511+05	1468	Free	3		28	1
536	2025-09-29 11:18:00.718518+05	1467	Free	3		28	1
537	2025-09-29 11:18:00.718525+05	1466	Free	3		28	1
538	2025-09-29 11:18:00.718532+05	1465	Free	3		28	1
539	2025-09-29 11:18:00.718539+05	1464	Free	3		28	1
540	2025-09-29 11:18:00.718546+05	1463	Free	3		28	1
541	2025-09-29 11:18:00.718553+05	1462	Free	3		28	1
542	2025-09-29 11:18:00.71856+05	1461	Free	3		28	1
543	2025-09-29 11:18:00.718567+05	1460	Free	3		28	1
544	2025-09-29 11:18:00.718574+05	1459	Free	3		28	1
545	2025-09-29 11:18:00.718582+05	1458	Free	3		28	1
546	2025-09-29 11:18:00.718588+05	1457	Free	3		28	1
547	2025-09-29 11:18:00.718598+05	1456	Free	3		28	1
548	2025-09-29 11:18:00.718605+05	1455	Free	3		28	1
549	2025-09-29 11:18:00.718613+05	1454	Free	3		28	1
550	2025-09-29 11:18:00.718619+05	1453	Free	3		28	1
551	2025-09-29 11:18:00.718626+05	1452	Free	3		28	1
552	2025-09-29 11:18:00.718634+05	1451	Free	3		28	1
553	2025-09-29 11:18:00.718643+05	1450	Free	3		28	1
554	2025-09-29 11:18:00.71865+05	1449	Free	3		28	1
555	2025-09-29 11:18:00.718657+05	1448	Free	3		28	1
556	2025-09-29 11:18:00.718664+05	1447	Free	3		28	1
557	2025-09-29 11:18:00.718671+05	1446	Free	3		28	1
558	2025-09-29 11:18:00.718678+05	1445	Free	3		28	1
559	2025-09-29 11:18:00.718685+05	1444	Free	3		28	1
560	2025-09-29 11:18:00.718692+05	1443	Free	3		28	1
561	2025-09-29 11:18:00.718699+05	1442	Free	3		28	1
562	2025-09-29 11:18:00.718705+05	1441	Free	3		28	1
563	2025-09-29 11:18:00.718712+05	1440	Free	3		28	1
564	2025-09-29 11:18:00.718719+05	1439	Free	3		28	1
565	2025-09-29 11:18:00.718726+05	1438	Free	3		28	1
566	2025-09-29 11:18:00.718733+05	1437	Free	3		28	1
567	2025-09-29 11:18:00.718739+05	1436	Free	3		28	1
568	2025-09-29 11:18:00.718746+05	1435	Free	3		28	1
569	2025-09-29 11:18:00.718753+05	1434	Free	3		28	1
570	2025-09-29 11:18:00.718759+05	1433	Free	3		28	1
571	2025-09-29 11:18:00.718766+05	1432	Free	3		28	1
572	2025-09-29 11:18:00.718773+05	1431	Free	3		28	1
573	2025-09-29 11:18:00.71878+05	1430	Free	3		28	1
574	2025-09-29 11:18:00.718787+05	1429	Free	3		28	1
575	2025-09-29 11:18:00.718838+05	1428	Free	3		28	1
576	2025-09-29 11:18:00.718846+05	1427	Free	3		28	1
577	2025-09-29 11:18:00.718853+05	1426	Free	3		28	1
578	2025-09-29 11:18:00.71886+05	1425	Free	3		28	1
579	2025-09-29 11:18:00.718867+05	1424	Free	3		28	1
580	2025-09-29 11:18:00.718874+05	1423	Free	3		28	1
581	2025-09-29 11:18:14.357219+05	1621	Free	3		28	1
582	2025-09-29 11:18:14.357292+05	1422	Free	3		28	1
583	2025-09-29 11:18:14.357309+05	1421	Free	3		28	1
584	2025-09-29 11:18:14.357323+05	1420	Free	3		28	1
585	2025-09-29 11:18:14.357336+05	1419	Free	3		28	1
586	2025-09-29 11:18:14.35735+05	1418	Free	3		28	1
587	2025-09-29 11:18:14.357364+05	1417	Free	3		28	1
588	2025-09-29 11:18:14.357377+05	1416	Free	3		28	1
589	2025-09-29 11:18:14.357391+05	1415	Free	3		28	1
590	2025-09-29 11:18:14.357404+05	1414	Free	3		28	1
591	2025-09-29 11:18:14.357418+05	1413	Free	3		28	1
592	2025-09-29 11:18:14.357433+05	1412	Free	3		28	1
593	2025-09-29 11:18:14.357446+05	1411	Free	3		28	1
594	2025-09-29 11:18:14.35746+05	1410	Free	3		28	1
595	2025-09-29 11:18:14.357474+05	1409	Free	3		28	1
596	2025-09-29 11:18:14.357487+05	1408	Free	3		28	1
597	2025-09-29 11:18:14.357501+05	1407	Free	3		28	1
598	2025-09-29 11:18:14.357514+05	1406	Free	3		28	1
599	2025-09-29 11:18:14.357528+05	1405	Free	3		28	1
600	2025-09-29 11:18:14.357541+05	1404	Free	3		28	1
601	2025-09-29 11:18:14.357555+05	1403	Free	3		28	1
602	2025-09-29 11:18:14.357568+05	1402	Free	3		28	1
603	2025-09-29 11:18:14.357582+05	1401	Free	3		28	1
604	2025-09-29 11:18:14.357596+05	1400	Free	3		28	1
605	2025-09-29 11:18:14.357609+05	1399	Free	3		28	1
606	2025-09-29 11:18:14.357622+05	1398	Free	3		28	1
607	2025-09-29 11:18:14.357635+05	1397	Free	3		28	1
608	2025-09-29 11:18:14.357648+05	1396	Free	3		28	1
609	2025-09-29 11:18:14.357662+05	1395	Free	3		28	1
610	2025-09-29 11:18:14.357676+05	1394	Free	3		28	1
611	2025-09-29 11:18:14.357689+05	1393	Free	3		28	1
612	2025-09-29 11:18:14.357702+05	1392	Free	3		28	1
613	2025-09-29 11:18:14.357715+05	1391	Free	3		28	1
614	2025-09-29 11:18:14.357729+05	1390	Free	3		28	1
615	2025-09-29 11:18:14.357742+05	1389	Free	3		28	1
616	2025-09-29 11:18:14.357755+05	1388	Free	3		28	1
617	2025-09-29 11:18:14.357768+05	1387	Free	3		28	1
618	2025-09-29 11:18:14.357781+05	1386	Free	3		28	1
619	2025-09-29 11:18:14.357795+05	1385	Free	3		28	1
620	2025-09-29 11:18:14.357808+05	1384	Free	3		28	1
621	2025-09-29 11:18:14.357821+05	1383	Free	3		28	1
622	2025-09-29 11:18:14.357835+05	1382	Free	3		28	1
623	2025-09-29 11:18:14.357848+05	1381	Free	3		28	1
624	2025-09-29 11:18:14.357862+05	1380	Free	3		28	1
625	2025-09-29 11:18:14.357876+05	1379	Free	3		28	1
626	2025-09-29 11:18:14.357889+05	1378	Free	3		28	1
627	2025-09-29 11:18:14.357902+05	1377	Free	3		28	1
628	2025-09-29 11:18:14.357915+05	1376	Free	3		28	1
629	2025-09-29 11:18:14.357928+05	1375	Free	3		28	1
630	2025-09-29 11:18:14.357942+05	1374	Free	3		28	1
631	2025-09-29 11:18:14.357955+05	1373	Free	3		28	1
632	2025-09-29 11:18:14.357968+05	1372	Free	3		28	1
633	2025-09-29 11:18:14.357981+05	1371	Free	3		28	1
634	2025-09-29 11:18:14.357996+05	1370	Free	3		28	1
635	2025-09-29 11:18:14.358022+05	1369	Free	3		28	1
636	2025-09-29 11:18:14.358038+05	1368	Free	3		28	1
637	2025-09-29 11:18:14.358051+05	1367	Free	3		28	1
638	2025-09-29 11:18:14.358064+05	1366	Free	3		28	1
639	2025-09-29 11:18:14.358077+05	1365	Free	3		28	1
640	2025-09-29 11:18:14.35809+05	1364	Free	3		28	1
641	2025-09-29 11:18:14.358103+05	1363	Free	3		28	1
642	2025-09-29 11:18:14.358116+05	1362	Free	3		28	1
643	2025-09-29 11:18:14.358131+05	1361	Free	3		28	1
644	2025-09-29 11:18:14.358144+05	1360	Free	3		28	1
645	2025-09-29 11:18:14.358157+05	1359	Free	3		28	1
646	2025-09-29 11:18:14.358173+05	1358	Free	3		28	1
647	2025-09-29 11:18:14.358186+05	1357	Free	3		28	1
648	2025-09-29 11:18:14.3582+05	1356	Free	3		28	1
649	2025-09-29 11:18:14.358213+05	1355	Free	3		28	1
650	2025-09-29 11:18:14.358226+05	1354	Free	3		28	1
651	2025-09-29 11:18:14.35824+05	1353	Free	3		28	1
652	2025-09-29 11:18:14.358253+05	1352	Free	3		28	1
653	2025-09-29 11:18:14.358265+05	1351	Free	3		28	1
654	2025-09-29 11:18:14.358279+05	1350	Free	3		28	1
655	2025-09-29 11:18:14.358291+05	1349	Free	3		28	1
656	2025-09-29 11:18:14.358305+05	1348	Free	3		28	1
657	2025-09-29 11:18:14.358318+05	1347	Free	3		28	1
658	2025-09-29 11:18:14.358334+05	1346	Free	3		28	1
659	2025-09-29 11:18:14.358347+05	1345	Free	3		28	1
660	2025-09-29 11:18:14.358361+05	1344	Free	3		28	1
661	2025-09-29 11:18:14.358374+05	1343	Free	3		28	1
662	2025-09-29 11:18:14.358387+05	1342	Free	3		28	1
663	2025-09-29 11:18:14.3584+05	1341	Free	3		28	1
664	2025-09-29 11:18:14.358413+05	1340	Free	3		28	1
665	2025-09-29 11:18:14.358425+05	1339	Free	3		28	1
666	2025-09-29 11:18:14.358438+05	1338	Free	3		28	1
667	2025-09-29 11:18:14.358451+05	1337	Free	3		28	1
668	2025-09-29 11:18:14.358464+05	1336	Free	3		28	1
669	2025-09-29 11:18:14.358477+05	1335	Free	3		28	1
670	2025-09-29 11:18:14.358489+05	1334	Free	3		28	1
671	2025-09-29 11:18:14.358502+05	1333	Free	3		28	1
672	2025-09-29 11:18:14.35868+05	1332	Free	3		28	1
673	2025-09-29 11:18:14.358696+05	1331	Free	3		28	1
674	2025-09-29 11:18:14.358712+05	1330	Free	3		28	1
675	2025-09-29 11:18:14.358727+05	1329	Free	3		28	1
676	2025-09-29 11:18:14.35874+05	1328	Free	3		28	1
677	2025-09-29 11:18:14.358752+05	1327	Free	3		28	1
678	2025-09-29 11:18:14.358765+05	1326	Free	3		28	1
679	2025-09-29 11:18:14.358777+05	1325	Free	3		28	1
680	2025-09-29 11:18:14.358791+05	1324	Free	3		28	1
681	2025-09-29 11:18:21.336073+05	1323	Free	3		28	1
682	2025-09-29 11:18:21.336133+05	1322	Free	3		28	1
683	2025-09-29 11:18:21.336146+05	1321	Free	3		28	1
684	2025-09-29 11:18:21.336158+05	1320	Free	3		28	1
685	2025-09-29 11:18:21.336169+05	1319	Free	3		28	1
686	2025-09-29 11:18:21.336181+05	1318	Free	3		28	1
687	2025-09-29 11:18:21.336193+05	1317	Free	3		28	1
688	2025-09-29 11:18:21.336204+05	1316	Free	3		28	1
689	2025-09-29 11:18:21.336216+05	1315	Free	3		28	1
690	2025-09-29 11:18:21.336228+05	1314	Free	3		28	1
691	2025-09-29 11:18:21.336239+05	1313	Free	3		28	1
692	2025-09-29 11:18:21.33625+05	1312	Free	3		28	1
693	2025-09-29 11:18:21.336262+05	1311	Free	3		28	1
694	2025-09-29 11:18:21.336273+05	1310	Free	3		28	1
695	2025-09-29 11:18:21.336285+05	1309	Free	3		28	1
696	2025-09-29 11:18:21.336297+05	1308	Free	3		28	1
697	2025-09-29 11:18:21.336308+05	1307	Free	3		28	1
698	2025-09-29 11:18:21.33632+05	1306	Free	3		28	1
699	2025-09-29 11:18:21.336332+05	1305	Free	3		28	1
700	2025-09-29 11:18:21.336344+05	1304	Free	3		28	1
701	2025-09-29 11:18:21.336355+05	1303	Free	3		28	1
702	2025-09-29 11:18:21.336367+05	1302	Free	3		28	1
703	2025-09-29 11:18:21.336378+05	1301	Free	3		28	1
704	2025-09-29 11:18:21.336389+05	1300	Free	3		28	1
705	2025-09-29 11:18:21.3364+05	1299	Free	3		28	1
706	2025-09-29 11:18:21.336411+05	1298	Free	3		28	1
707	2025-09-29 11:18:21.336423+05	1297	Free	3		28	1
708	2025-09-29 11:18:21.336435+05	1296	Free	3		28	1
709	2025-09-29 11:18:21.336446+05	1295	Free	3		28	1
710	2025-09-29 11:18:21.336457+05	1294	Free	3		28	1
711	2025-09-29 11:18:21.336469+05	1293	Free	3		28	1
712	2025-09-29 11:18:21.336481+05	1292	Free	3		28	1
713	2025-09-29 11:18:21.336492+05	1291	Free	3		28	1
714	2025-09-29 11:18:21.336503+05	1290	Free	3		28	1
715	2025-09-29 11:18:21.336514+05	1289	Free	3		28	1
716	2025-09-29 11:18:21.336525+05	1288	Free	3		28	1
717	2025-09-29 11:18:21.336537+05	1287	Free	3		28	1
718	2025-09-29 11:18:21.336549+05	1286	Free	3		28	1
719	2025-09-29 11:18:21.33656+05	1285	Free	3		28	1
720	2025-09-29 11:18:21.336571+05	1284	Free	3		28	1
721	2025-09-29 11:18:21.336583+05	1283	Free	3		28	1
722	2025-09-29 11:18:21.336594+05	1282	Free	3		28	1
723	2025-09-29 11:18:21.336606+05	1281	Free	3		28	1
724	2025-09-29 11:18:21.336618+05	1280	Free	3		28	1
725	2025-09-29 11:18:21.336629+05	1279	Free	3		28	1
726	2025-09-29 11:18:21.33664+05	1278	Free	3		28	1
727	2025-09-29 11:18:21.336651+05	1277	Free	3		28	1
728	2025-09-29 11:18:21.336663+05	1276	Free	3		28	1
729	2025-09-29 11:18:21.336673+05	1275	Free	3		28	1
730	2025-09-29 11:18:21.336684+05	1274	Free	3		28	1
731	2025-09-29 11:18:21.336695+05	1273	Free	3		28	1
732	2025-09-29 11:18:21.336705+05	1272	Free	3		28	1
733	2025-09-29 11:18:21.336716+05	1271	Free	3		28	1
734	2025-09-29 11:18:21.336728+05	1270	Free	3		28	1
735	2025-09-29 11:18:21.336739+05	1269	Free	3		28	1
736	2025-09-29 11:18:21.336749+05	1268	Free	3		28	1
737	2025-09-29 11:18:21.336761+05	1267	Free	3		28	1
738	2025-09-29 11:18:21.336773+05	1266	Free	3		28	1
739	2025-09-29 11:18:21.336784+05	1265	Free	3		28	1
740	2025-09-29 11:18:21.336795+05	1264	Free	3		28	1
741	2025-09-29 11:18:21.336806+05	1263	Free	3		28	1
742	2025-09-29 11:18:21.336818+05	1262	Free	3		28	1
743	2025-09-29 11:18:21.33683+05	1261	Free	3		28	1
744	2025-09-29 11:18:21.336842+05	1260	Free	3		28	1
745	2025-09-29 11:18:21.336853+05	1259	Free	3		28	1
746	2025-09-29 11:18:21.336865+05	1258	Free	3		28	1
747	2025-09-29 11:18:21.336876+05	1257	Free	3		28	1
748	2025-09-29 11:18:21.336887+05	1256	Free	3		28	1
749	2025-09-29 11:18:21.336899+05	1255	Free	3		28	1
750	2025-09-29 11:18:21.336911+05	1254	Free	3		28	1
751	2025-09-29 11:18:21.336922+05	1253	Free	3		28	1
752	2025-09-29 11:18:21.336933+05	1252	Free	3		28	1
753	2025-09-29 11:18:21.336945+05	1251	Free	3		28	1
754	2025-09-29 11:18:21.336956+05	1250	Free	3		28	1
755	2025-09-29 11:18:21.336967+05	1249	Free	3		28	1
756	2025-09-29 11:18:21.336977+05	1248	Free	3		28	1
757	2025-09-29 11:18:21.336988+05	1247	Free	3		28	1
758	2025-09-29 11:18:21.337+05	1246	Free	3		28	1
759	2025-09-29 11:18:21.337011+05	1245	Free	3		28	1
760	2025-09-29 11:18:21.337021+05	1244	Free	3		28	1
761	2025-09-29 11:18:21.337031+05	1243	Free	3		28	1
762	2025-09-29 11:18:21.337043+05	1242	Free	3		28	1
763	2025-09-29 11:18:21.337054+05	1241	Free	3		28	1
764	2025-09-29 11:18:21.337065+05	1240	Free	3		28	1
765	2025-09-29 11:18:21.337075+05	1239	Free	3		28	1
766	2025-09-29 11:18:21.337086+05	1238	Free	3		28	1
767	2025-09-29 11:18:21.337097+05	1237	Free	3		28	1
768	2025-09-29 11:18:21.337109+05	1236	Free	3		28	1
769	2025-09-29 11:18:21.337121+05	1235	Free	3		28	1
770	2025-09-29 11:18:21.337132+05	1234	Free	3		28	1
771	2025-09-29 11:18:21.337143+05	1233	Free	3		28	1
772	2025-09-29 11:18:21.337247+05	1232	Free	3		28	1
773	2025-09-29 11:18:21.337258+05	1231	Free	3		28	1
774	2025-09-29 11:18:21.33727+05	1230	Free	3		28	1
775	2025-09-29 11:18:21.337282+05	1229	Free	3		28	1
776	2025-09-29 11:18:21.337293+05	1228	Free	3		28	1
777	2025-09-29 11:18:21.337304+05	1227	Free	3		28	1
778	2025-09-29 11:18:21.337315+05	1226	Free	3		28	1
779	2025-09-29 11:18:21.337326+05	1225	Free	3		28	1
780	2025-09-29 11:18:21.337337+05	1224	Free	3		28	1
781	2025-09-29 11:18:28.340881+05	1223	Free	3		28	1
782	2025-09-29 11:18:28.340946+05	1222	Free	3		28	1
783	2025-09-29 11:18:28.340966+05	1221	Free	3		28	1
784	2025-09-29 11:18:28.340982+05	1220	Free	3		28	1
785	2025-09-29 11:18:28.340998+05	1219	Free	3		28	1
786	2025-09-29 11:18:28.341014+05	1218	Free	3		28	1
787	2025-09-29 11:18:28.341031+05	1217	Free	3		28	1
788	2025-09-29 11:18:28.341047+05	1216	Free	3		28	1
789	2025-09-29 11:18:28.341064+05	1215	Free	3		28	1
790	2025-09-29 11:18:28.34108+05	1214	Free	3		28	1
791	2025-09-29 11:18:28.341096+05	1213	Free	3		28	1
792	2025-09-29 11:18:28.341111+05	1212	Free	3		28	1
793	2025-09-29 11:18:28.341127+05	1211	Free	3		28	1
794	2025-09-29 11:18:28.341142+05	1210	Free	3		28	1
795	2025-09-29 11:18:28.341157+05	1209	Free	3		28	1
796	2025-09-29 11:18:28.341173+05	1208	Free	3		28	1
797	2025-09-29 11:18:28.341189+05	1207	Free	3		28	1
798	2025-09-29 11:18:28.341206+05	1206	Free	3		28	1
799	2025-09-29 11:18:28.341222+05	1205	Free	3		28	1
800	2025-09-29 11:18:28.341238+05	1204	Free	3		28	1
801	2025-09-29 11:18:28.341254+05	1203	Free	3		28	1
802	2025-09-29 11:18:28.341269+05	1202	Free	3		28	1
803	2025-09-29 11:18:28.341286+05	1201	Free	3		28	1
804	2025-09-29 11:18:28.341301+05	1200	Free	3		28	1
805	2025-09-29 11:18:28.341318+05	1199	Free	3		28	1
806	2025-09-29 11:18:28.341334+05	1198	Free	3		28	1
807	2025-09-29 11:18:28.34135+05	1197	Free	3		28	1
808	2025-09-29 11:18:28.341366+05	1196	Free	3		28	1
809	2025-09-29 11:18:28.341382+05	1195	Free	3		28	1
810	2025-09-29 11:18:28.341398+05	1194	Free	3		28	1
811	2025-09-29 11:18:28.341413+05	1193	Free	3		28	1
812	2025-09-29 11:18:28.341429+05	1192	Free	3		28	1
813	2025-09-29 11:18:28.341446+05	1191	Free	3		28	1
814	2025-09-29 11:18:28.341462+05	1190	Free	3		28	1
815	2025-09-29 11:18:28.341478+05	1189	Free	3		28	1
816	2025-09-29 11:18:28.341493+05	1188	Free	3		28	1
817	2025-09-29 11:18:28.341509+05	1187	Free	3		28	1
818	2025-09-29 11:18:28.341525+05	1186	Free	3		28	1
819	2025-09-29 11:18:28.34154+05	1185	Free	3		28	1
820	2025-09-29 11:18:28.341555+05	1184	Free	3		28	1
821	2025-09-29 11:18:28.341571+05	1183	Free	3		28	1
822	2025-09-29 11:18:28.341587+05	1182	Free	3		28	1
823	2025-09-29 11:18:28.341603+05	1181	Free	3		28	1
824	2025-09-29 11:18:28.341618+05	1180	Free	3		28	1
825	2025-09-29 11:18:28.341634+05	1179	Free	3		28	1
826	2025-09-29 11:18:28.341649+05	1178	Free	3		28	1
827	2025-09-29 11:18:28.341664+05	1177	Free	3		28	1
828	2025-09-29 11:18:28.341679+05	1176	Free	3		28	1
829	2025-09-29 11:18:28.341695+05	1175	Free	3		28	1
830	2025-09-29 11:18:28.34171+05	1174	Free	3		28	1
831	2025-09-29 11:18:28.341727+05	1173	Free	3		28	1
832	2025-09-29 11:18:28.341744+05	1172	Free	3		28	1
833	2025-09-29 11:18:28.34176+05	1171	Free	3		28	1
834	2025-09-29 11:18:28.341777+05	1170	Free	3		28	1
835	2025-09-29 11:18:28.341793+05	1169	Free	3		28	1
836	2025-09-29 11:18:28.34181+05	1168	Free	3		28	1
837	2025-09-29 11:18:28.341826+05	1167	Free	3		28	1
838	2025-09-29 11:18:28.341841+05	1166	Free	3		28	1
839	2025-09-29 11:18:28.341857+05	1165	Free	3		28	1
840	2025-09-29 11:18:28.341873+05	1164	Free	3		28	1
841	2025-09-29 11:18:28.341888+05	1163	Free	3		28	1
842	2025-09-29 11:18:28.341904+05	1162	Free	3		28	1
843	2025-09-29 11:18:28.34192+05	1161	Free	3		28	1
844	2025-09-29 11:18:28.341936+05	1160	Free	3		28	1
845	2025-09-29 11:18:28.341951+05	1159	Free	3		28	1
846	2025-09-29 11:18:28.341968+05	1158	Free	3		28	1
847	2025-09-29 11:18:28.341984+05	1157	Free	3		28	1
848	2025-09-29 11:18:28.341999+05	1156	Free	3		28	1
849	2025-09-29 11:18:28.342015+05	1155	Free	3		28	1
850	2025-09-29 11:18:28.342031+05	1154	Free	3		28	1
851	2025-09-29 11:18:28.342068+05	1153	Free	3		28	1
852	2025-09-29 11:18:28.342086+05	1152	Free	3		28	1
853	2025-09-29 11:18:28.342102+05	1151	Free	3		28	1
854	2025-09-29 11:18:28.342117+05	1150	Free	3		28	1
855	2025-09-29 11:18:28.342151+05	1149	Free	3		28	1
856	2025-09-29 11:18:28.342167+05	1148	Free	3		28	1
857	2025-09-29 11:18:28.342183+05	1147	Free	3		28	1
858	2025-09-29 11:18:28.342202+05	1146	Free	3		28	1
859	2025-09-29 11:18:28.342227+05	1145	Free	3		28	1
860	2025-09-29 11:18:28.342247+05	1144	Free	3		28	1
861	2025-09-29 11:18:28.342262+05	1143	Free	3		28	1
862	2025-09-29 11:18:28.342278+05	1142	Free	3		28	1
863	2025-09-29 11:18:28.342301+05	1141	Free	3		28	1
864	2025-09-29 11:18:28.342363+05	1140	Free	3		28	1
865	2025-09-29 11:18:28.342397+05	1139	Free	3		28	1
866	2025-09-29 11:18:28.342416+05	1138	Free	3		28	1
867	2025-09-29 11:18:28.342436+05	1137	Free	3		28	1
868	2025-09-29 11:18:28.342454+05	1136	Free	3		28	1
869	2025-09-29 11:18:28.342471+05	1135	Free	3		28	1
870	2025-09-29 11:18:28.342486+05	1134	Free	3		28	1
871	2025-09-29 11:18:28.342502+05	1133	Free	3		28	1
872	2025-09-29 11:18:28.342517+05	1132	Free	3		28	1
873	2025-09-29 11:18:28.342533+05	1131	Free	3		28	1
874	2025-09-29 11:18:28.342554+05	1130	Free	3		28	1
875	2025-09-29 11:18:28.34257+05	1129	Free	3		28	1
876	2025-09-29 11:18:28.342585+05	1128	Free	3		28	1
877	2025-09-29 11:18:28.342601+05	1127	Free	3		28	1
878	2025-09-29 11:18:28.342618+05	1126	Free	3		28	1
879	2025-09-29 11:18:28.342635+05	1125	Free	3		28	1
880	2025-09-29 11:18:28.34265+05	1124	Free	3		28	1
881	2025-09-29 11:21:48.287095+05	138	Free	3		28	1
882	2025-09-29 11:21:49.427475+05	7	7	2	[]	27	1
883	2025-09-29 11:22:15.338946+05	10	shakhriyormamadaliev221199@gmail.com	3		15	1
884	2025-09-29 11:23:14.903095+05	1622	Free	1	[{"added": {}}]	28	1
885	2025-09-29 11:23:33.616436+05	1	1	2	[{"changed": {"fields": ["Subscription"]}}]	27	1
886	2025-09-29 11:25:48.16908+05	112124	Free	3		28	1
887	2025-09-29 11:25:48.169138+05	112123	Free	3		28	1
888	2025-09-29 11:25:48.169154+05	112122	Free	3		28	1
889	2025-09-29 11:25:48.169167+05	112121	Free	3		28	1
890	2025-09-29 11:25:48.16918+05	112120	Free	3		28	1
891	2025-09-29 11:25:48.169193+05	112119	Free	3		28	1
892	2025-09-29 11:25:48.169207+05	112118	Free	3		28	1
893	2025-09-29 11:25:48.169219+05	112117	Free	3		28	1
894	2025-09-29 11:25:48.169232+05	112116	Free	3		28	1
895	2025-09-29 11:25:48.169245+05	112115	Free	3		28	1
896	2025-09-29 11:25:48.169257+05	112114	Free	3		28	1
897	2025-09-29 11:25:48.169271+05	112113	Free	3		28	1
898	2025-09-29 11:25:48.169285+05	112112	Free	3		28	1
899	2025-09-29 11:25:48.169297+05	112111	Free	3		28	1
900	2025-09-29 11:25:48.16931+05	112110	Free	3		28	1
901	2025-09-29 11:25:48.169323+05	112109	Free	3		28	1
902	2025-09-29 11:25:48.169335+05	112108	Free	3		28	1
903	2025-09-29 11:25:48.169348+05	112107	Free	3		28	1
904	2025-09-29 11:25:48.169361+05	112106	Free	3		28	1
905	2025-09-29 11:25:48.169374+05	112105	Free	3		28	1
906	2025-09-29 11:25:48.169386+05	112104	Free	3		28	1
907	2025-09-29 11:25:48.169399+05	112103	Free	3		28	1
908	2025-09-29 11:25:48.169453+05	112102	Free	3		28	1
909	2025-09-29 11:25:48.169478+05	112101	Free	3		28	1
910	2025-09-29 11:25:48.169493+05	112100	Free	3		28	1
911	2025-09-29 11:25:48.169506+05	112099	Free	3		28	1
912	2025-09-29 11:25:48.169519+05	112098	Free	3		28	1
913	2025-09-29 11:25:48.169534+05	112097	Free	3		28	1
914	2025-09-29 11:25:48.169547+05	112096	Free	3		28	1
915	2025-09-29 11:25:48.169559+05	112095	Free	3		28	1
916	2025-09-29 11:25:48.169572+05	112094	Free	3		28	1
917	2025-09-29 11:25:48.169586+05	112093	Free	3		28	1
918	2025-09-29 11:25:48.169599+05	112092	Free	3		28	1
919	2025-09-29 11:25:48.169612+05	112091	Free	3		28	1
920	2025-09-29 11:25:48.169625+05	112090	Free	3		28	1
921	2025-09-29 11:25:48.169637+05	112089	Free	3		28	1
922	2025-09-29 11:25:48.169649+05	112088	Free	3		28	1
923	2025-09-29 11:25:48.169661+05	112087	Free	3		28	1
924	2025-09-29 11:25:48.169674+05	112086	Free	3		28	1
925	2025-09-29 11:25:48.169687+05	112085	Free	3		28	1
926	2025-09-29 11:25:48.169699+05	112084	Free	3		28	1
927	2025-09-29 11:25:48.169713+05	112083	Free	3		28	1
928	2025-09-29 11:25:48.169725+05	112082	Free	3		28	1
929	2025-09-29 11:25:48.169737+05	112081	Free	3		28	1
930	2025-09-29 11:25:48.169749+05	112080	Free	3		28	1
931	2025-09-29 11:25:48.169761+05	112079	Free	3		28	1
932	2025-09-29 11:25:48.169773+05	112078	Free	3		28	1
933	2025-09-29 11:25:48.169785+05	112077	Free	3		28	1
934	2025-09-29 11:25:48.169797+05	112076	Free	3		28	1
935	2025-09-29 11:25:48.16981+05	112075	Free	3		28	1
936	2025-09-29 11:25:48.169822+05	112074	Free	3		28	1
937	2025-09-29 11:25:48.169834+05	112073	Free	3		28	1
938	2025-09-29 11:25:48.169846+05	112072	Free	3		28	1
939	2025-09-29 11:25:48.169859+05	112071	Free	3		28	1
940	2025-09-29 11:25:48.169871+05	112070	Free	3		28	1
941	2025-09-29 11:25:48.169883+05	112069	Free	3		28	1
942	2025-09-29 11:25:48.169895+05	112068	Free	3		28	1
943	2025-09-29 11:25:48.169908+05	112067	Free	3		28	1
944	2025-09-29 11:25:48.16992+05	112066	Free	3		28	1
945	2025-09-29 11:25:48.169932+05	112065	Free	3		28	1
946	2025-09-29 11:25:48.169944+05	112064	Free	3		28	1
947	2025-09-29 11:25:48.169956+05	112063	Free	3		28	1
948	2025-09-29 11:25:48.169968+05	112062	Free	3		28	1
949	2025-09-29 11:25:48.16998+05	112061	Free	3		28	1
950	2025-09-29 11:25:48.169992+05	112060	Free	3		28	1
951	2025-09-29 11:25:48.170006+05	112059	Free	3		28	1
952	2025-09-29 11:25:48.170018+05	112058	Free	3		28	1
953	2025-09-29 11:25:48.17003+05	112057	Free	3		28	1
954	2025-09-29 11:25:48.170043+05	112056	Free	3		28	1
955	2025-09-29 11:25:48.170055+05	112055	Free	3		28	1
956	2025-09-29 11:25:48.170067+05	112054	Free	3		28	1
957	2025-09-29 11:25:48.170079+05	112053	Free	3		28	1
958	2025-09-29 11:25:48.170091+05	112052	Free	3		28	1
959	2025-09-29 11:25:48.170103+05	112051	Free	3		28	1
960	2025-09-29 11:25:48.170115+05	112050	Free	3		28	1
961	2025-09-29 11:25:48.170127+05	112049	Free	3		28	1
962	2025-09-29 11:25:48.170138+05	112048	Free	3		28	1
963	2025-09-29 11:25:48.170152+05	112047	Free	3		28	1
964	2025-09-29 11:25:48.170164+05	112046	Free	3		28	1
965	2025-09-29 11:25:48.170176+05	112045	Free	3		28	1
966	2025-09-29 11:25:48.170292+05	112044	Free	3		28	1
967	2025-09-29 11:25:48.170304+05	112043	Free	3		28	1
968	2025-09-29 11:25:48.170316+05	112042	Free	3		28	1
969	2025-09-29 11:25:48.170327+05	112041	Free	3		28	1
970	2025-09-29 11:25:48.170338+05	112040	Free	3		28	1
971	2025-09-29 11:25:48.17035+05	112039	Free	3		28	1
972	2025-09-29 11:25:48.170361+05	112038	Free	3		28	1
973	2025-09-29 11:25:48.170373+05	112037	Free	3		28	1
974	2025-09-29 11:25:48.170384+05	112036	Free	3		28	1
975	2025-09-29 11:25:48.170395+05	112035	Free	3		28	1
976	2025-09-29 11:25:48.170407+05	112034	Free	3		28	1
977	2025-09-29 11:25:48.170418+05	112033	Free	3		28	1
978	2025-09-29 11:25:48.170429+05	112032	Free	3		28	1
979	2025-09-29 11:25:48.170441+05	112031	Free	3		28	1
980	2025-09-29 11:25:48.170452+05	112030	Free	3		28	1
981	2025-09-29 11:25:48.170464+05	112029	Free	3		28	1
982	2025-09-29 11:25:48.170475+05	112028	Free	3		28	1
983	2025-09-29 11:25:48.170486+05	112027	Free	3		28	1
984	2025-09-29 11:25:48.170497+05	112026	Free	3		28	1
985	2025-09-29 11:25:48.170509+05	112025	Free	3		28	1
986	2025-09-29 11:29:41.961164+05	112024	Free	3		28	1
987	2025-09-29 11:29:41.961222+05	112023	Free	3		28	1
988	2025-09-29 11:29:41.96124+05	112022	Free	3		28	1
989	2025-09-29 11:29:41.961264+05	112021	Free	3		28	1
990	2025-09-29 11:29:41.961278+05	112020	Free	3		28	1
991	2025-09-29 11:29:41.961293+05	112019	Free	3		28	1
992	2025-09-29 11:29:41.961307+05	112018	Free	3		28	1
993	2025-09-29 11:29:41.961321+05	112017	Free	3		28	1
994	2025-09-29 11:29:41.961335+05	112016	Free	3		28	1
995	2025-09-29 11:29:41.961349+05	112015	Free	3		28	1
996	2025-09-29 11:29:41.961365+05	112014	Free	3		28	1
997	2025-09-29 11:29:41.961379+05	112013	Free	3		28	1
998	2025-09-29 11:29:41.961393+05	112012	Free	3		28	1
999	2025-09-29 11:29:41.961407+05	112011	Free	3		28	1
1000	2025-09-29 11:29:41.961422+05	112010	Free	3		28	1
1001	2025-09-29 11:29:41.961436+05	112009	Free	3		28	1
1002	2025-09-29 11:29:41.961451+05	112008	Free	3		28	1
1003	2025-09-29 11:29:41.961464+05	112007	Free	3		28	1
1004	2025-09-29 11:29:41.961478+05	112006	Free	3		28	1
1005	2025-09-29 11:29:41.961492+05	112005	Free	3		28	1
1006	2025-09-29 11:29:41.961505+05	112004	Free	3		28	1
1007	2025-09-29 11:29:41.961518+05	112003	Free	3		28	1
1008	2025-09-29 11:29:41.961532+05	112002	Free	3		28	1
1009	2025-09-29 11:29:41.961547+05	112001	Free	3		28	1
1010	2025-09-29 11:29:41.961561+05	112000	Free	3		28	1
1011	2025-09-29 11:29:41.961575+05	111999	Free	3		28	1
1012	2025-09-29 11:29:41.961589+05	111998	Free	3		28	1
1013	2025-09-29 11:29:41.961603+05	111997	Free	3		28	1
1014	2025-09-29 11:29:41.961616+05	111996	Free	3		28	1
1015	2025-09-29 11:29:41.96163+05	111995	Free	3		28	1
1016	2025-09-29 11:29:41.961646+05	111994	Free	3		28	1
1017	2025-09-29 11:29:41.961661+05	111993	Free	3		28	1
1018	2025-09-29 11:29:41.961675+05	111992	Free	3		28	1
1019	2025-09-29 11:29:41.961689+05	111991	Free	3		28	1
1020	2025-09-29 11:29:41.961704+05	111990	Free	3		28	1
1021	2025-09-29 11:29:41.961718+05	111989	Free	3		28	1
1022	2025-09-29 11:29:41.961732+05	111988	Free	3		28	1
1023	2025-09-29 11:29:41.961746+05	111987	Free	3		28	1
1024	2025-09-29 11:29:41.96176+05	111986	Free	3		28	1
1025	2025-09-29 11:29:41.961773+05	111985	Free	3		28	1
1026	2025-09-29 11:29:41.961926+05	111984	Free	3		28	1
1027	2025-09-29 11:29:41.961939+05	111983	Free	3		28	1
1028	2025-09-29 11:29:41.961952+05	111982	Free	3		28	1
1029	2025-09-29 11:29:41.961966+05	111981	Free	3		28	1
1030	2025-09-29 11:29:41.96198+05	111980	Free	3		28	1
1031	2025-09-29 11:29:41.961993+05	111979	Free	3		28	1
1032	2025-09-29 11:29:41.962006+05	111978	Free	3		28	1
1033	2025-09-29 11:29:41.962019+05	111977	Free	3		28	1
1034	2025-09-29 11:29:41.962031+05	111976	Free	3		28	1
1035	2025-09-29 11:29:41.962045+05	111975	Free	3		28	1
1036	2025-09-29 11:29:41.962058+05	111974	Free	3		28	1
1037	2025-09-29 11:29:41.962072+05	111973	Free	3		28	1
1038	2025-09-29 11:29:41.962086+05	111972	Free	3		28	1
1039	2025-09-29 11:29:41.9621+05	111971	Free	3		28	1
1040	2025-09-29 11:29:41.962112+05	111970	Free	3		28	1
1041	2025-09-29 11:29:41.962125+05	111969	Free	3		28	1
1042	2025-09-29 11:29:41.962137+05	111968	Free	3		28	1
1043	2025-09-29 11:29:41.96215+05	111967	Free	3		28	1
1044	2025-09-29 11:29:41.962163+05	111966	Free	3		28	1
1045	2025-09-29 11:29:41.962175+05	111965	Free	3		28	1
1046	2025-09-29 11:29:41.962188+05	111964	Free	3		28	1
1047	2025-09-29 11:29:41.9622+05	111963	Free	3		28	1
1048	2025-09-29 11:29:41.962214+05	111962	Free	3		28	1
1049	2025-09-29 11:29:41.962226+05	111961	Free	3		28	1
1050	2025-09-29 11:29:41.962239+05	111960	Free	3		28	1
1051	2025-09-29 11:29:41.962253+05	111959	Free	3		28	1
1052	2025-09-29 11:29:41.962265+05	111958	Free	3		28	1
1053	2025-09-29 11:29:41.962278+05	111957	Free	3		28	1
1054	2025-09-29 11:29:41.96229+05	111956	Free	3		28	1
1055	2025-09-29 11:29:41.962302+05	111955	Free	3		28	1
1056	2025-09-29 11:29:41.962316+05	111954	Free	3		28	1
1057	2025-09-29 11:29:41.962328+05	111953	Free	3		28	1
1058	2025-09-29 11:29:41.962341+05	111952	Free	3		28	1
1059	2025-09-29 11:29:41.962354+05	111951	Free	3		28	1
1060	2025-09-29 11:29:41.962367+05	111950	Free	3		28	1
1061	2025-09-29 11:29:41.96238+05	111949	Free	3		28	1
1062	2025-09-29 11:29:41.962392+05	111948	Free	3		28	1
1063	2025-09-29 11:29:41.962408+05	111947	Free	3		28	1
1064	2025-09-29 11:29:41.96242+05	111946	Free	3		28	1
1065	2025-09-29 11:29:41.962433+05	111945	Free	3		28	1
1066	2025-09-29 11:29:41.962445+05	111944	Free	3		28	1
1067	2025-09-29 11:29:41.962458+05	111943	Free	3		28	1
1068	2025-09-29 11:29:41.96247+05	111942	Free	3		28	1
1069	2025-09-29 11:29:41.962483+05	111941	Free	3		28	1
1070	2025-09-29 11:29:41.962495+05	111940	Free	3		28	1
1071	2025-09-29 11:29:41.962507+05	111939	Free	3		28	1
1072	2025-09-29 11:29:41.96252+05	111938	Free	3		28	1
1073	2025-09-29 11:29:41.962532+05	111937	Free	3		28	1
1074	2025-09-29 11:29:41.962545+05	111936	Free	3		28	1
1075	2025-09-29 11:29:41.962557+05	111935	Free	3		28	1
1076	2025-09-29 11:29:41.962569+05	111934	Free	3		28	1
1077	2025-09-29 11:29:41.962582+05	111933	Free	3		28	1
1078	2025-09-29 11:29:41.962594+05	111932	Free	3		28	1
1079	2025-09-29 11:29:41.962608+05	111931	Free	3		28	1
1080	2025-09-29 11:29:41.962621+05	111930	Free	3		28	1
1081	2025-09-29 11:29:41.962633+05	111929	Free	3		28	1
1082	2025-09-29 11:29:41.962646+05	111928	Free	3		28	1
1083	2025-09-29 11:29:41.962658+05	111927	Free	3		28	1
1084	2025-09-29 11:29:41.96267+05	111926	Free	3		28	1
1085	2025-09-29 11:29:41.962683+05	111925	Free	3		28	1
1086	2025-09-29 11:34:36.966151+05	112125	Free	1	[{"added": {}}]	28	1
1087	2025-09-29 11:34:48.136158+05	11	shakhriyormamadaliev221199@gmail.com	1	[{"added": {}}]	15	1
1088	2025-09-29 11:34:50.094457+05	11	shakhriyormamadaliev221199@gmail.com	2	[]	15	1
1089	2025-09-29 11:35:01.777539+05	112126	Free	2	[{"changed": {"fields": ["Auto renew"]}}]	28	1
1090	2025-09-29 11:35:22.660226+05	1	1	2	[{"changed": {"fields": ["Subscription"]}}]	27	1
1091	2025-09-29 11:41:40.690783+05	112128	Free	3		28	1
1092	2025-09-29 11:41:40.690836+05	112127	Free	3		28	1
1093	2025-09-29 11:41:40.690851+05	112126	Free	3		28	1
1094	2025-09-29 11:41:40.690863+05	112125	Free	3		28	1
1095	2025-09-29 11:42:07.124475+05	112129	1231	1	[{"added": {}}]	28	1
1096	2025-09-29 11:42:17.110526+05	112129	1231	3		28	1
1097	2025-09-29 11:42:53.999233+05	1	Free	1	[{"added": {}}]	28	1
1098	2025-09-29 11:43:05.84445+05	1	1	2	[{"changed": {"fields": ["Subscription"]}}]	27	1
1099	2025-09-29 11:43:50.062967+05	11	shakhriyormamadaliev221199@gmail.com	3		15	1
1100	2025-09-29 11:43:58.956915+05	2	shakhriyormamadaliev@gmail.com	1	[{"added": {}}]	15	1
1101	2025-09-29 11:44:02.75005+05	2	shakhriyormamadaliev@gmail.com	2	[]	15	1
1102	2025-09-29 11:58:40.778924+05	8	49 10 * * * (m/h/dM/MY/d) Asia/Tashkent	3		8	1
1103	2025-09-29 11:58:40.778984+05	9	25 11 * * * (m/h/dM/MY/d) Asia/Tashkent	3		8	1
1104	2025-09-29 11:58:40.779+05	10	34 11 * * * (m/h/dM/MY/d) Asia/Tashkent	3		8	1
1105	2025-09-29 11:58:40.779014+05	11	36 11 * * * (m/h/dM/MY/d) Asia/Tashkent	3		8	1
1106	2025-09-29 11:58:40.779028+05	12	39 11 * * * (m/h/dM/MY/d) Asia/Tashkent	3		8	1
1107	2025-09-29 11:58:40.779041+05	3	47 16 * * * (m/h/dM/MY/d) Asia/Tashkent	3		8	1
1108	2025-09-29 11:58:40.779054+05	6	15 17 * * * (m/h/dM/MY/d) Asia/Tashkent	3		8	1
1109	2025-09-29 11:58:40.779066+05	4	2 17 * * * (m/h/dM/MY/d) Asia/Tashkent	3		8	1
1110	2025-09-29 11:58:40.779079+05	5	4 17 * * * (m/h/dM/MY/d) Asia/Tashkent	3		8	1
1111	2025-09-29 11:58:40.779093+05	7	8 18 * * * (m/h/dM/MY/d) Asia/Tashkent	3		8	1
1112	2025-09-29 11:58:40.779105+05	1	0 4 * * * (m/h/dM/MY/d) Asia/Tashkent	3		8	1
1113	2025-09-30 18:03:13.340598+05	8	Free	2	[{"changed": {"fields": ["Expense"]}}]	28	1
1114	2025-09-30 18:08:26.147079+05	3	3	2	[{"changed": {"fields": ["Cash"]}}]	27	1
1115	2025-09-30 18:24:45.734571+05	8	Free	2	[{"changed": {"fields": ["Expense"]}}]	28	1
1116	2025-10-02 11:20:11.422165+05	8	Free	2	[{"changed": {"fields": ["Expense"]}}]	28	1
1117	2025-10-02 11:20:28.638621+05	8	Free	2	[{"changed": {"fields": ["Expense"]}}]	28	1
1118	2025-10-02 11:20:45.668033+05	8	Free	2	[{"changed": {"fields": ["Expense"]}}]	28	1
1119	2025-10-02 11:21:25.425825+05	8	Free	2	[{"changed": {"fields": ["Expense"]}}]	28	1
1120	2025-10-02 11:23:43.129221+05	8	Free	2	[{"changed": {"fields": ["Credit"]}}]	28	1
1121	2025-10-02 11:24:15.138055+05	8	Free	2	[{"changed": {"fields": ["Credit"]}}]	28	1
1122	2025-10-02 11:38:16.609308+05	8	Free	2	[]	28	1
1123	2025-10-02 11:42:47.899166+05	3	3	2	[{"changed": {"fields": ["Cash"]}}]	27	1
1124	2025-10-02 11:43:08.747269+05	3	3	2	[{"changed": {"fields": ["Cash"]}}]	27	1
1125	2025-10-02 11:43:48.861619+05	3	3	2	[{"changed": {"fields": ["Cash"]}}]	27	1
1126	2025-10-02 13:44:40.465596+05	10	Start	3		28	1
1127	2025-10-02 13:44:40.465682+05	9	Start	3		28	1
1128	2025-10-02 13:44:40.465718+05	7	Start	3		28	1
1129	2025-10-02 13:44:40.46575+05	5	Free	3		28	1
1130	2025-10-02 13:44:40.465781+05	2	Free	3		28	1
1131	2025-10-02 13:44:40.46581+05	1	Free	3		28	1
1132	2025-10-02 13:44:40.465838+05	4	Free	3		28	1
1133	2025-10-02 13:44:40.465865+05	3	Free	3		28	1
1134	2025-10-02 13:45:03.401137+05	11	Start	3		28	1
1135	2025-10-02 13:46:48.898538+05	13	Free	2	[{"changed": {"fields": ["Expense"]}}]	28	1
1136	2025-10-02 13:51:25.874358+05	14	Start	3		28	1
1137	2025-10-02 13:51:25.874415+05	12	Start	3		28	1
1138	2025-10-02 13:51:40.29946+05	16	Free	2	[{"changed": {"fields": ["Expense"]}}]	28	1
1139	2025-10-02 13:51:47.653941+05	15	Start	3		28	1
1140	2025-10-02 13:53:51.119307+05	17	Start	3		28	1
1141	2025-10-02 13:54:46.650234+05	18	Start	3		28	1
1142	2025-10-02 13:54:59.717364+05	16	Free	2	[{"changed": {"fields": ["End date"]}}]	28	1
1143	2025-10-02 13:55:15.201695+05	13	Free	2	[{"changed": {"fields": ["End date"]}}]	28	1
1144	2025-10-02 13:57:20.862653+05	22	Start	3		28	1
1145	2025-10-02 13:57:20.862686+05	21	Start	3		28	1
1146	2025-10-02 13:57:20.8627+05	19	Start	3		28	1
1147	2025-10-02 13:57:20.862712+05	16	Free	3		28	1
1148	2025-10-02 13:57:20.862723+05	13	Free	3		28	1
1149	2025-10-02 15:31:35.376437+05	6	Enterprise	2	[]	26	1
1150	2025-10-02 15:31:41.31676+05	1	Free	2	[]	26	1
1151	2025-10-03 14:29:48.433721+05	31	Start	3		28	1
1152	2025-10-03 14:29:48.433791+05	30	Start	3		28	1
1153	2025-10-03 14:29:48.433817+05	29	Start	3		28	1
1154	2025-10-03 14:29:48.433839+05	28	Start	3		28	1
1155	2025-10-03 14:29:48.433861+05	27	Start	3		28	1
1156	2025-10-03 14:29:48.433882+05	26	Start	3		28	1
1157	2025-10-03 14:29:48.433901+05	23	Start	3		28	1
1158	2025-10-03 14:29:48.43392+05	20	Free	3		28	1
1159	2025-10-03 14:29:48.43394+05	8	Free	3		28	1
1160	2025-10-03 14:29:48.43396+05	6	Free	3		28	1
1161	2025-10-03 14:30:41.280511+05	32	Start	2	[{"changed": {"fields": ["End date"]}}]	28	1
1162	2025-10-03 14:30:51.729648+05	32	Start	2	[{"changed": {"fields": ["Auto renew"]}}]	28	1
1163	2025-10-03 14:31:15.264825+05	25	Free	2	[{"changed": {"fields": ["End date"]}}]	28	1
1164	2025-10-03 14:33:15.550696+05	32	Start	2	[{"changed": {"fields": ["Status"]}}]	28	1
1165	2025-10-03 14:39:48.898887+05	25	Free	2	[{"changed": {"fields": ["Status"]}}]	28	1
1166	2025-10-03 14:42:31.987053+05	25	Free	2	[{"changed": {"fields": ["Status"]}}]	28	1
1167	2025-10-03 14:43:33.180484+05	25	Free	2	[{"changed": {"fields": ["Status"]}}]	28	1
1168	2025-10-06 10:53:25.68668+05	1	1	2	[{"changed": {"fields": ["Cash"]}}]	27	1
1169	2025-10-06 11:01:19.356037+05	33	Free	2	[{"changed": {"fields": ["Expense"]}}]	28	1
1170	2025-10-06 11:47:04.904622+05	4	Business	2	[{"changed": {"fields": ["Annual credit"]}}]	26	1
1171	2025-10-06 11:49:10.049324+05	3df51d4f-5cbd-420b-a22e-9777c20274f1	STTModel object (3df51d4f-5cbd-420b-a22e-9777c20274f1)	3		24	1
1172	2025-10-06 11:49:10.049399+05	bd9af583-6a01-4c5c-a8af-f7721623aaea	STTModel object (bd9af583-6a01-4c5c-a8af-f7721623aaea)	3		24	1
1173	2025-10-06 11:49:10.049427+05	70344055-2468-4237-992d-3e444cbb3805	STTModel object (70344055-2468-4237-992d-3e444cbb3805)	3		24	1
1174	2025-10-06 11:49:10.04945+05	6ace1ebf-5500-493c-87df-972dc79d9c5d	STTModel object (6ace1ebf-5500-493c-87df-972dc79d9c5d)	3		24	1
1175	2025-10-06 11:49:10.049473+05	cb88fbbe-799a-485d-befb-2e408834303f	STTModel object (cb88fbbe-799a-485d-befb-2e408834303f)	3		24	1
1176	2025-10-06 11:49:10.049495+05	a0108694-4ff0-494a-867b-0a43473140c5	STTModel object (a0108694-4ff0-494a-867b-0a43473140c5)	3		24	1
1177	2025-10-06 11:49:10.049517+05	6ecad0b2-cae8-4466-ae37-4a1c40d1a6a7	STTModel object (6ecad0b2-cae8-4466-ae37-4a1c40d1a6a7)	3		24	1
1178	2025-10-06 11:49:10.049538+05	c52aae28-24ef-400f-b412-fe4ced39baf4	STTModel object (c52aae28-24ef-400f-b412-fe4ced39baf4)	3		24	1
1179	2025-10-06 11:49:10.049559+05	74373e36-88e3-4344-975d-06b3a05b8281	STTModel object (74373e36-88e3-4344-975d-06b3a05b8281)	3		24	1
1180	2025-10-06 11:49:10.049581+05	20611034-0691-45cf-8355-96404ea4cf64	STTModel object (20611034-0691-45cf-8355-96404ea4cf64)	3		24	1
1181	2025-10-06 11:49:10.049604+05	7c82aa88-0b28-4ee7-930a-fb64aaa51fa6	STTModel object (7c82aa88-0b28-4ee7-930a-fb64aaa51fa6)	3		24	1
1182	2025-10-06 11:49:10.049626+05	933ded39-ce11-473a-a94e-12b4ec45aafc	STTModel object (933ded39-ce11-473a-a94e-12b4ec45aafc)	3		24	1
1183	2025-10-06 11:49:10.049647+05	c1e6fcab-b3ff-463e-b4d9-399807252baf	STTModel object (c1e6fcab-b3ff-463e-b4d9-399807252baf)	3		24	1
1184	2025-10-06 11:49:10.049669+05	3732e4a8-3d1e-4487-8f99-969c6dff439c	STTModel object (3732e4a8-3d1e-4487-8f99-969c6dff439c)	3		24	1
1185	2025-10-06 11:49:10.049691+05	77951fa8-71ae-4d43-ac7c-a38c6e3cd56c	STTModel object (77951fa8-71ae-4d43-ac7c-a38c6e3cd56c)	3		24	1
1186	2025-10-06 11:49:20.806802+05	34c24ed7-f05a-4633-af16-3e298b01b2bb	TTSModel object (34c24ed7-f05a-4633-af16-3e298b01b2bb)	3		22	1
1187	2025-10-06 11:49:20.806875+05	eb2a2ab9-e92f-47ed-b383-42363b2524cd	TTSModel object (eb2a2ab9-e92f-47ed-b383-42363b2524cd)	3		22	1
1188	2025-10-06 11:49:20.8069+05	7144a707-70c4-4935-b2c3-9621b7f25ba2	TTSModel object (7144a707-70c4-4935-b2c3-9621b7f25ba2)	3		22	1
1189	2025-10-06 11:49:20.806923+05	cfc9e5d5-bab8-42e5-a412-2754772dcbf6	TTSModel object (cfc9e5d5-bab8-42e5-a412-2754772dcbf6)	3		22	1
1190	2025-10-06 11:49:20.806944+05	5319ef1c-810d-4d6c-ad85-e74027fc23a6	TTSModel object (5319ef1c-810d-4d6c-ad85-e74027fc23a6)	3		22	1
1191	2025-10-06 11:49:20.806966+05	13ac529a-ebda-48af-ab6f-f8a04bfc7073	TTSModel object (13ac529a-ebda-48af-ab6f-f8a04bfc7073)	3		22	1
1192	2025-10-06 11:50:07.446388+05	76	Start	3		28	1
1193	2025-10-06 11:50:07.446444+05	75	Start	3		28	1
1194	2025-10-06 11:50:07.446456+05	74	Start	3		28	1
1195	2025-10-06 11:50:07.446468+05	73	Pro	3		28	1
1196	2025-10-06 11:50:07.446478+05	72	Start	3		28	1
1197	2025-10-06 11:50:07.446491+05	71	Pro	3		28	1
1198	2025-10-06 11:50:07.446502+05	70	Start	3		28	1
1199	2025-10-06 11:50:07.446513+05	69	Pro	3		28	1
1200	2025-10-06 11:50:07.446523+05	68	Pro	3		28	1
1201	2025-10-06 11:50:07.446534+05	67	Pro	3		28	1
1202	2025-10-06 11:50:07.446545+05	66	Pro	3		28	1
1203	2025-10-06 11:50:07.446557+05	65	Start	3		28	1
1204	2025-10-06 11:50:07.446568+05	64	Start	3		28	1
1205	2025-10-06 11:50:07.446579+05	63	Start	3		28	1
1206	2025-10-06 11:50:07.44659+05	62	Start	3		28	1
1207	2025-10-06 11:50:07.446601+05	61	Pro	3		28	1
1208	2025-10-06 11:50:07.446611+05	60	Start	3		28	1
1209	2025-10-06 11:50:07.446623+05	59	Start	3		28	1
1210	2025-10-06 11:50:07.446634+05	58	Pro	3		28	1
1211	2025-10-06 11:50:07.446645+05	57	Start	3		28	1
1212	2025-10-06 11:50:07.446657+05	56	Pro	3		28	1
1213	2025-10-06 11:50:07.446669+05	55	Start	3		28	1
1214	2025-10-06 11:50:07.446679+05	54	Start	3		28	1
1215	2025-10-06 11:50:07.44669+05	53	Start	3		28	1
1216	2025-10-06 11:50:07.446701+05	52	Start	3		28	1
1217	2025-10-06 11:50:07.446712+05	51	Start	3		28	1
1218	2025-10-06 11:50:07.446724+05	50	Pro	3		28	1
1219	2025-10-06 11:50:07.446735+05	49	Start	3		28	1
1220	2025-10-06 11:50:07.446747+05	48	Start	3		28	1
1221	2025-10-06 11:50:07.446759+05	47	Start	3		28	1
1222	2025-10-06 11:50:07.44677+05	46	Start	3		28	1
1223	2025-10-06 11:50:07.446782+05	45	Start	3		28	1
1224	2025-10-06 11:50:07.446793+05	44	Start	3		28	1
1225	2025-10-06 11:50:07.446805+05	43	Start	3		28	1
1226	2025-10-06 11:50:07.446816+05	42	Start	3		28	1
1227	2025-10-06 11:50:07.446828+05	41	Start	3		28	1
1228	2025-10-06 11:50:07.44684+05	40	Start	3		28	1
1229	2025-10-06 11:50:07.446853+05	39	Start	3		28	1
1230	2025-10-06 11:50:07.446864+05	38	Start	3		28	1
1231	2025-10-06 11:50:07.446876+05	37	Start	3		28	1
1232	2025-10-06 11:50:07.446887+05	36	Start	3		28	1
1233	2025-10-06 11:50:07.446897+05	34	Free	3		28	1
1234	2025-10-06 11:50:07.446909+05	33	Free	3		28	1
1235	2025-10-06 11:50:07.44692+05	32	Start	3		28	1
1236	2025-10-06 11:50:07.44693+05	25	Free	3		28	1
1237	2025-10-06 11:50:07.44694+05	24	Free	3		28	1
1238	2025-10-06 11:50:13.889347+05	3	shakhriyormamadaliev221199@gmail.com	3		15	1
1239	2025-10-06 11:50:13.88941+05	2	shakhriyormamadaliev@gmail.com	3		15	1
1240	2025-10-08 16:20:52.63556+05	4b2cba04-4224-4c58-97d0-6824f4b80157	4b2cba04-4224-4c58-97d0-6824f4b80157	3		29	1
1241	2025-10-08 16:36:18.039787+05	1	1	1	[{"added": {}}]	29	1
1242	2025-10-08 17:16:09.209233+05	4	4	2	[{"changed": {"fields": ["Status"]}}]	29	1
1243	2025-10-08 17:16:14.574154+05	1	1	2	[{"changed": {"fields": ["Status"]}}]	29	1
1244	2025-10-10 15:06:34.485408+05	5906c2f7-4cf6-47e5-8b5b-9e2f4b706ccd	TTSModel object (5906c2f7-4cf6-47e5-8b5b-9e2f4b706ccd)	3		22	1
1245	2025-10-13 15:41:59.538615+05	78	Free	2	[{"changed": {"fields": ["Rate usage"]}}]	28	1
\.


--
-- Data for Name: django_celery_beat_clockedschedule; Type: TABLE DATA; Schema: public; Owner: shakhriyor
--

COPY public.django_celery_beat_clockedschedule (id, clocked_time) FROM stdin;
\.


--
-- Data for Name: django_celery_beat_crontabschedule; Type: TABLE DATA; Schema: public; Owner: shakhriyor
--

COPY public.django_celery_beat_crontabschedule (id, minute, hour, day_of_week, day_of_month, month_of_year, timezone) FROM stdin;
15	54	16	*	*	*	Asia/Tashkent
16	59	16	*	*	*	Asia/Tashkent
14	0	4	*	*	*	Asia/Tashkent
2	0	3	*	*	*	Asia/Tashkent
13	0	0	*	*	*	Asia/Tashkent
\.


--
-- Data for Name: django_celery_beat_intervalschedule; Type: TABLE DATA; Schema: public; Owner: shakhriyor
--

COPY public.django_celery_beat_intervalschedule (id, every, period) FROM stdin;
\.


--
-- Data for Name: django_celery_beat_periodictask; Type: TABLE DATA; Schema: public; Owner: shakhriyor
--

COPY public.django_celery_beat_periodictask (id, name, task, args, kwargs, queue, exchange, routing_key, expires, enabled, last_run_at, total_run_count, date_changed, description, crontab_id, interval_id, solar_id, one_off, start_time, priority, headers, clocked_id, expire_seconds) FROM stdin;
5	celery.backend_cleanup	celery.backend_cleanup	[]	{}	\N	\N	\N	\N	t	\N	0	2025-10-03 11:13:56.982277+05		14	\N	\N	f	\N	\N	{}	\N	43200
2	clean-tokens-daily	accounts.tasks.clean_password_reset_tokens	[]	{}	clean	\N	clean.tokens	\N	t	\N	0	2025-10-03 11:13:56.995459+05		2	\N	\N	f	\N	\N	{}	\N	\N
3	check-subscriptions-daily	finance.tasks.check_subscriptions	[]	{}	check	\N	check.subscriptions	\N	t	2025-10-03 10:52:10.703823+05	11	2025-10-03 11:13:56.999452+05		13	\N	\N	f	\N	\N	{}	\N	\N
\.


--
-- Data for Name: django_celery_beat_periodictasks; Type: TABLE DATA; Schema: public; Owner: shakhriyor
--

COPY public.django_celery_beat_periodictasks (ident, last_update) FROM stdin;
1	2025-10-03 11:13:56.999779+05
\.


--
-- Data for Name: django_celery_beat_solarschedule; Type: TABLE DATA; Schema: public; Owner: shakhriyor
--

COPY public.django_celery_beat_solarschedule (id, event, latitude, longitude) FROM stdin;
\.


--
-- Data for Name: django_content_type; Type: TABLE DATA; Schema: public; Owner: shakhriyor
--

COPY public.django_content_type (id, app_label, model) FROM stdin;
1	admin	logentry
2	auth	permission
3	auth	group
4	contenttypes	contenttype
5	sessions	session
6	token_blacklist	blacklistedtoken
7	token_blacklist	outstandingtoken
8	django_celery_beat	crontabschedule
9	django_celery_beat	intervalschedule
10	django_celery_beat	periodictask
11	django_celery_beat	periodictasks
12	django_celery_beat	solarschedule
13	django_celery_beat	clockedschedule
14	shared	audiomodel
15	accounts	customusermodel
16	accounts	emailconfirmotpmodel
17	accounts	passwordresettokenmodel
18	accounts	picturemodel
19	accounts	socialaccountmodel
20	tts	ttsaudioformatmodel
21	tts	ttsemotionmodel
22	tts	ttsmodel
23	tts	ttsmodelmodel
24	stt	sttmodel
25	stt	sttmodelmodel
26	finance	planmodel
27	finance	balancemodel
28	finance	subscriptionmodel
29	finance	transactionmodel
30	finance	expensemodel
\.


--
-- Data for Name: django_migrations; Type: TABLE DATA; Schema: public; Owner: shakhriyor
--

COPY public.django_migrations (id, app, name, applied) FROM stdin;
1	contenttypes	0001_initial	2025-09-25 11:17:22.675043+05
2	contenttypes	0002_remove_content_type_name	2025-09-25 11:17:22.678812+05
3	auth	0001_initial	2025-09-25 11:17:22.701779+05
4	auth	0002_alter_permission_name_max_length	2025-09-25 11:17:22.704583+05
5	auth	0003_alter_user_email_max_length	2025-09-25 11:17:22.705959+05
6	auth	0004_alter_user_username_opts	2025-09-25 11:17:22.707298+05
7	auth	0005_alter_user_last_login_null	2025-09-25 11:17:22.708633+05
8	auth	0006_require_contenttypes_0002	2025-09-25 11:17:22.709106+05
9	auth	0007_alter_validators_add_error_messages	2025-09-25 11:17:22.710334+05
10	auth	0008_alter_user_username_max_length	2025-09-25 11:17:22.711626+05
11	auth	0009_alter_user_last_name_max_length	2025-09-25 11:17:22.712912+05
12	auth	0010_alter_group_name_max_length	2025-09-25 11:17:22.714804+05
13	auth	0011_update_proxy_permissions	2025-09-25 11:17:22.716049+05
14	auth	0012_alter_user_first_name_max_length	2025-09-25 11:17:22.717272+05
15	accounts	0001_initial	2025-09-25 11:17:22.792547+05
16	admin	0001_initial	2025-09-25 11:17:22.801276+05
17	admin	0002_logentry_remove_auto_add	2025-09-25 11:17:22.804888+05
18	admin	0003_logentry_add_action_flag_choices	2025-09-25 11:17:22.808673+05
19	django_celery_beat	0001_initial	2025-09-25 11:17:22.821786+05
20	django_celery_beat	0002_auto_20161118_0346	2025-09-25 11:17:22.826889+05
21	django_celery_beat	0003_auto_20161209_0049	2025-09-25 11:17:22.829799+05
22	django_celery_beat	0004_auto_20170221_0000	2025-09-25 11:17:22.831208+05
23	django_celery_beat	0005_add_solarschedule_events_choices	2025-09-25 11:17:22.832515+05
24	django_celery_beat	0006_auto_20180322_0932	2025-09-25 11:17:22.846058+05
25	django_celery_beat	0007_auto_20180521_0826	2025-09-25 11:17:22.853493+05
26	django_celery_beat	0008_auto_20180914_1922	2025-09-25 11:17:22.864806+05
27	django_celery_beat	0006_auto_20180210_1226	2025-09-25 11:17:22.871849+05
28	django_celery_beat	0006_periodictask_priority	2025-09-25 11:17:22.875401+05
29	django_celery_beat	0009_periodictask_headers	2025-09-25 11:17:22.879951+05
30	django_celery_beat	0010_auto_20190429_0326	2025-09-25 11:17:22.934626+05
31	django_celery_beat	0011_auto_20190508_0153	2025-09-25 11:17:22.944028+05
32	django_celery_beat	0012_periodictask_expire_seconds	2025-09-25 11:17:22.948641+05
33	django_celery_beat	0013_auto_20200609_0727	2025-09-25 11:17:22.952715+05
34	django_celery_beat	0014_remove_clockedschedule_enabled	2025-09-25 11:17:22.95397+05
35	django_celery_beat	0015_edit_solarschedule_events_choices	2025-09-25 11:17:22.955029+05
36	django_celery_beat	0016_alter_crontabschedule_timezone	2025-09-25 11:17:22.957941+05
37	django_celery_beat	0017_alter_crontabschedule_month_of_year	2025-09-25 11:17:22.960288+05
38	django_celery_beat	0018_improve_crontab_helptext	2025-09-25 11:17:22.962608+05
39	django_celery_beat	0019_alter_periodictasks_options	2025-09-25 11:17:22.963416+05
40	finance	0001_initial	2025-09-25 11:17:23.01149+05
41	finance	0002_remove_planmodel_annual_remove_planmodel_monthly_and_more	2025-09-25 11:17:23.055438+05
42	finance	0003_alter_planmodel_annual_credit_and_more	2025-09-25 11:17:23.074373+05
43	finance	0004_subscriptionmodel_discount_and_more	2025-09-25 11:17:23.090132+05
44	finance	0005_remove_balancemodel_subscription_balancemodel_plan_and_more	2025-09-25 11:17:23.126469+05
45	finance	0006_remove_balancemodel_plan_subscriptionmodel_and_more	2025-09-25 11:17:23.153739+05
46	finance	0007_remove_subscriptionmodel_plan_and_more	2025-09-25 11:17:23.167267+05
47	finance	0008_alter_subscriptionmodel_status	2025-09-25 11:17:23.168954+05
48	sessions	0001_initial	2025-09-25 11:17:23.17846+05
49	shared	0001_initial	2025-09-25 11:17:23.191433+05
50	stt	0001_initial	2025-09-25 11:17:23.222898+05
51	token_blacklist	0001_initial	2025-09-25 11:17:23.246461+05
52	token_blacklist	0002_outstandingtoken_jti_hex	2025-09-25 11:17:23.252946+05
53	token_blacklist	0003_auto_20171017_2007	2025-09-25 11:17:23.26207+05
54	token_blacklist	0004_auto_20171017_2013	2025-09-25 11:17:23.269776+05
55	token_blacklist	0005_remove_outstandingtoken_jti	2025-09-25 11:17:23.274295+05
56	token_blacklist	0006_auto_20171017_2113	2025-09-25 11:17:23.27878+05
57	token_blacklist	0007_auto_20171017_2214	2025-09-25 11:17:23.293064+05
58	token_blacklist	0008_migrate_to_bigautofield	2025-09-25 11:17:23.329737+05
59	token_blacklist	0010_fix_migrate_to_bigautofield	2025-09-25 11:17:23.338155+05
60	token_blacklist	0011_linearizes_history	2025-09-25 11:17:23.339943+05
61	token_blacklist	0012_alter_outstandingtoken_user	2025-09-25 11:17:23.344399+05
62	tts	0001_initial	2025-09-25 11:17:23.396895+05
63	finance	0009_alter_subscriptionmodel_status	2025-09-25 11:18:42.937834+05
64	finance	0010_alter_planmodel_annual_discount_and_more	2025-09-25 11:25:27.961018+05
65	finance	0011_subscriptionmodel_auto_renew	2025-09-25 11:27:16.706668+05
66	finance	0012_subscriptionmodel_request_limit_and_more	2025-09-25 11:31:34.668237+05
67	finance	0013_subscriptionmodel_user_alter_planmodel_user	2025-09-25 11:35:30.889659+05
68	finance	0014_rename_request_limit_planmodel_rate_and_more	2025-09-25 13:45:25.407899+05
69	finance	0015_rename_rate_planmodel_stt_rate_and_more	2025-09-25 14:08:14.888124+05
70	finance	0016_alter_balancemodel_cash_and_more	2025-09-25 14:26:14.475558+05
71	finance	0017_alter_subscriptionmodel_expense	2025-09-25 14:27:12.598912+05
72	finance	0018_rename_stt_rate_planmodel_rate_and_more	2025-09-25 15:29:06.994292+05
73	finance	0019_alter_subscriptionmodel_status	2025-09-25 16:05:09.982052+05
74	tts	0002_alter_ttsmodel_id	2025-09-25 16:23:10.082098+05
75	finance	0020_subscriptionmodel_rate_reset_and_more	2025-09-25 16:43:00.017608+05
76	finance	0002_alter_subscriptionmodel_rate_reset	2025-09-25 17:09:47.581682+05
77	finance	0003_alter_subscriptionmodel_rate_reset	2025-09-25 17:11:38.149856+05
78	finance	0004_alter_subscriptionmodel_rate_reset	2025-09-25 17:14:42.203318+05
79	finance	0005_alter_subscriptionmodel_rate_usage	2025-09-25 17:55:38.953269+05
80	finance	0006_balancemodel_chargeable	2025-09-26 11:05:02.290884+05
81	finance	0007_alter_subscriptionmodel_start_date	2025-09-27 16:52:51.334871+05
82	finance	0008_alter_planmodel_options_alter_balancemodel_cash_and_more	2025-10-02 15:25:33.292427+05
83	finance	0009_alter_planmodel_rate_alter_planmodel_rate_time_and_more	2025-10-02 15:31:28.120447+05
84	finance	0010_alter_balancemodel_chargeable_and_more	2025-10-06 11:48:45.796531+05
85	finance	0011_transactionmodel	2025-10-08 15:12:49.709323+05
86	finance	0012_alter_transactionmodel_id	2025-10-08 16:21:02.465682+05
87	finance	0013_alter_transactionmodel_id	2025-10-08 16:21:02.483326+05
88	finance	0014_alter_transactionmodel_id	2025-10-08 16:21:02.495806+05
89	tts	0003_remove_ttsmodel_cash_remove_ttsmodel_credit	2025-10-10 15:10:28.723459+05
90	stt	0002_remove_sttmodel_cash_remove_sttmodel_credit	2025-10-10 15:10:28.734418+05
91	finance	0015_expensemodel	2025-10-10 15:10:28.759218+05
92	finance	0016_alter_expensemodel_options_alter_expensemodel_table	2025-10-10 15:16:40.497738+05
\.


--
-- Data for Name: django_session; Type: TABLE DATA; Schema: public; Owner: shakhriyor
--

COPY public.django_session (session_key, session_data, expire_date) FROM stdin;
bvmr7relwyt85xt8oeik8yi56vmqxinl	.eJxVi0sKwyAQQO_iugQ1_tpdexEZZ0aUgoGqq9C7N4Us2u377CLCHCXOzq9YSdyEEpdflgCf3L4CELfZRl9O1Jf7UXEbFWHUrT3O8m8v0Mvx0qpR4zVT8NIiW9Y-ZJSanLFeU04gk5eMa87JBjRJETnl2PhgkA2L9weziziE:1v3AwG:BxyMyVCRvDqjMYEpQw2ln1dJ7Zo5b8e48e5BTG09Hjw	2025-10-13 15:17:00.597187+05
rwsqnh1h6an8w5cjwmtgoqd9crvxpwxf	.eJxVi0sKwyAQQO_iugQ1_tpdexEZZ0aUgoGqq9C7N4Us2u377CLCHCXOzq9YSdyEEpdflgCf3L4CELfZRl9O1Jf7UXEbFWHUrT3O8m8v0Mvx0qpR4zVT8NIiW9Y-ZJSanLFeU04gk5eMa87JBjRJETnl2PhgkA2L9weziziE:1v8FvI:gBGOr0kWynruLjkxZDcNF9cZ-5rDSXvtpRkE9nFM-rk	2025-10-27 15:37:00.679566+05
\.


--
-- Data for Name: email_otp; Type: TABLE DATA; Schema: public; Owner: shakhriyor
--

COPY public.email_otp (created_at, updated_at, id, code, expires_at, remaining_attempts, remaining_resends, task_id, last_attempt, last_resend, status, user_id) FROM stdin;
\.


--
-- Data for Name: expense; Type: TABLE DATA; Schema: public; Owner: shakhriyor
--

COPY public.expense (id, created_at, updated_at, operation, credit, cash, stt_id, tts_id, user_id) FROM stdin;
1	2025-10-10 15:19:41.031602+05	2025-10-10 15:19:41.031604+05	tts	2.4900	0.0000	\N	8c284b0a-5dc2-4101-acb8-3c7fa4abb3d9	1
2	2025-10-10 15:21:12.582727+05	2025-10-10 15:21:12.582747+05	stt	0.9000	0.0000	0b990698-15ee-492b-8d2f-64ae99c043e8	\N	1
3	2025-10-13 14:32:38.346307+05	2025-10-13 14:32:38.346309+05	tts	2.4900	0.0000	\N	39bbba26-9a1f-4c38-8013-fe74d9d4390d	4
4	2025-10-13 14:33:02.861338+05	2025-10-13 14:33:02.861341+05	tts	2.4900	0.0000	\N	a290815f-2e56-4a70-80f4-35635d82716d	4
5	2025-10-13 15:32:04.435407+05	2025-10-13 15:32:04.435425+05	stt	0.9000	0.0000	c95cc4a6-193f-4384-99c5-d15acd421ce8	\N	4
7	2025-10-13 15:33:42.149973+05	2025-10-13 15:33:42.149996+05	stt	0.9000	0.0000	32daa07d-a07f-48e8-9bfa-2bf33a923700	\N	4
8	2025-10-13 15:33:57.322479+05	2025-10-13 15:33:57.322484+05	stt	1.6000	0.0000	89968d77-a34c-4eaa-b106-7d62c7e8987c	\N	4
9	2025-10-13 15:36:11.745844+05	2025-10-13 15:36:11.745867+05	stt	0.9000	0.0000	c5c77d5e-c847-4793-85a7-820fa6c5d00f	\N	4
10	2025-10-13 15:42:04.569777+05	2025-10-13 15:42:04.569791+05	stt	4.7000	0.0000	74935169-0635-4bda-8d7e-3605355a2345	\N	4
11	2025-10-13 15:44:31.44664+05	2025-10-13 15:44:31.446642+05	tts	0.0500	0.0000	\N	679c5d89-70fd-4204-9f4e-e4f7302217b0	4
\.


--
-- Data for Name: password_reset_token; Type: TABLE DATA; Schema: public; Owner: shakhriyor
--

COPY public.password_reset_token (id, created_at, updated_at, slug, token, task_id, status, user_id) FROM stdin;
\.


--
-- Data for Name: picture; Type: TABLE DATA; Schema: public; Owner: shakhriyor
--

COPY public.picture (id, created_at, updated_at, portrait, user_id) FROM stdin;
1	2025-09-25 11:18:51.372506+05	2025-09-25 11:18:51.372509+05		1
14	2025-10-06 11:50:28.91313+05	2025-10-06 11:50:28.913152+05		4
\.


--
-- Data for Name: plan; Type: TABLE DATA; Schema: public; Owner: shakhriyor
--

COPY public.plan (id, created_at, updated_at, title, description, rate, user_id, annual_credit, annual_discount, annual_price, monthly_credit, monthly_discount, monthly_price, rate_time) FROM stdin;
5	2025-09-25 14:37:44.239679+05	2025-09-26 17:51:19.018362+05	Scale	For startups and publishers	5000	1	600000.0000	0.0	15000000.0000	50000.0000	0.0	1500000.0000	10
6	2025-09-25 14:38:44.108117+05	2025-10-02 15:31:35.37433+05	Enterprise	For enterprises that need volume based discounts and custom terms.	0	1	0.0000	0.0	0.0000	0.0000	0.0	0.0000	0
1	2025-09-25 11:18:51.375604+05	2025-10-02 15:31:41.314469+05	Free	For individuals who want to try out the most advanced AI audio	10	1	0.0000	0.0	0.0000	100.0000	0.0	0.0000	10
4	2025-09-25 14:32:28.010074+05	2025-10-06 11:47:04.902837+05	Business	For creators ramping up their content production	1000	1	100000.0000	0.0	3500000.0000	10000.0000	0.0	350000.0000	10
2	2025-09-25 11:23:50.818134+05	2025-09-26 17:46:46.108707+05	Start	For hobbyists creating projects with AI audio	100	1	12000.0000	0.0	500000.0000	1000.0000	0.0	50000.0000	10
3	2025-09-25 13:57:35.69034+05	2025-09-26 17:47:14.140459+05	Pro	For creators making premium content for global audiences	500	1	60000.0000	0.0	2000000.0000	5000.0000	0.0	200000.0000	10
\.


--
-- Data for Name: social_accounts; Type: TABLE DATA; Schema: public; Owner: shakhriyor
--

COPY public.social_accounts (id, created_at, updated_at, provider, provider_user_id, user_id) FROM stdin;
3	2025-10-06 11:50:28.928698+05	2025-10-06 11:50:28.928718+05	google	112711095093974644025	4
\.


--
-- Data for Name: stt_data; Type: TABLE DATA; Schema: public; Owner: shakhriyor
--

COPY public.stt_data (created_at, updated_at, id, text, audio_id, user_id) FROM stdin;
2025-10-10 15:21:12.580361+05	2025-10-10 15:21:12.580389+05	0b990698-15ee-492b-8d2f-64ae99c043e8	assalomu alaykum xalq bankining sun'iy intellekt yordamchisi sizga xizmat qilishga tayyor sizga qanday yordam berolaman	76788cc6-fbae-4f60-9e93-3c70c98ade08	1
2025-10-13 15:32:04.431549+05	2025-10-13 15:32:04.431574+05	c95cc4a6-193f-4384-99c5-d15acd421ce8	assalomu alaykum xalq bankining sun'iy intellekt yordamisi sizga xizmat qiliga tayyor sizga qanday yordam berolaman	317296a6-e223-4d23-9329-7996f3fe49bf	4
2025-10-13 15:33:42.14837+05	2025-10-13 15:33:42.148387+05	32daa07d-a07f-48e8-9bfa-2bf33a923700	assalomu alaykum xalq bankining sun'iy intellekt yordamisi sizga xizmat qiliga tayyor sizga qanday yordam berolaman	5a392777-267e-4975-908b-a3bd289d75ed	4
2025-10-13 15:33:57.321416+05	2025-10-13 15:33:57.321423+05	89968d77-a34c-4eaa-b106-7d62c7e8987c	garovga oluvining kreditorning talablarini qondiri uun undiruvni qarzdor garov bilan ta'minlangan majburiyatni zi javobgar blgan vaziyatlarda bajarmagan yoki lozim darajada bajarmagan taqdirda garovga qyilgan mol mulkka qarati mumkin	0bd62250-e427-4056-bf32-6412bb49cff8	4
2025-10-13 15:36:11.743931+05	2025-10-13 15:36:11.743958+05	c5c77d5e-c847-4793-85a7-820fa6c5d00f	assalomu alaykum xalq bankining sun'iy intellekt yordamisi sizga xizmat qiliga tayyor sizga qanday yordam berolaman	23b73ac1-849f-43a0-b849-dcff14eb418d	4
2025-10-13 15:42:04.568558+05	2025-10-13 15:42:04.568578+05	74935169-0635-4bda-8d7e-3605355a2345	garovga oluvining kreditorning talablarini qondiri uun undiruvni qarzdor garov bilan ta'minlangan majburiyatni zi javobgar blgan vaziyatlarda bajarmagan yoki lozim darajada bajarmagan taqdirda garovga qyilgan mol mulkka qarati mumkin garovga oluvining kreditorning talablarini qondiri uun undiruvni qarzdor garov bilan ta'minlangan majburiyatni zi javobgar blgan vaziyatlarda bajarmagan yoki lozim darajada bajarmagan taqdirda garovga qyilganmol mulkka qarati mumkin garovga oluvining krediting talablarini qondiri uun undiruvni qarzdor garov bilan ta'minlangan majburiyatni zi javobgar blgan vaziyatlarda bajarmagan yoki lozim darajada bajarmagan taqdirda garovga qyilgan mol mulkka qarati mumkin	de5fefab-5fa1-452f-bcac-abbc6ed36cf5	4
\.


--
-- Data for Name: stt_model; Type: TABLE DATA; Schema: public; Owner: shakhriyor
--

COPY public.stt_model (id, created_at, updated_at, title, credit, cash, user_id) FROM stdin;
2	2025-09-25 15:04:29.197934+05	2025-09-25 15:04:53.044877+05	Base	0.1000	10.0000	1
\.


--
-- Data for Name: subscription; Type: TABLE DATA; Schema: public; Owner: shakhriyor
--

COPY public.subscription (id, created_at, updated_at, expense, status, period, start_date, end_date, credit, discount, price, title, auto_renew, rate, user_id, rate_time, rate_reset, rate_usage) FROM stdin;
77	2025-10-06 11:35:48.778995+05	2025-10-10 15:21:12.591776+05	3.4400	active	monthly	2025-10-06 11:35:48.778747+05	2025-11-06 23:59:59.000059+05	1000.0000	0.0	50000.0000	Start	f	100	1	10	2025-10-10 15:29:32.774308+05	3.3900
78	2025-10-06 11:50:28.91775+05	2025-10-13 15:44:31.449234+05	15.6300	active	monthly	2025-10-06 11:50:28+05	2025-11-06 23:59:59+05	100.0000	0.0	0.0000	Free	f	10	4	10	2025-10-13 15:54:30.441739+05	0.0500
\.


--
-- Data for Name: token_blacklist_blacklistedtoken; Type: TABLE DATA; Schema: public; Owner: shakhriyor
--

COPY public.token_blacklist_blacklistedtoken (id, blacklisted_at, token_id) FROM stdin;
1	2025-09-25 13:29:22.844444+05	1
2	2025-09-25 14:40:11.231101+05	2
3	2025-09-25 15:40:57.283051+05	4
4	2025-09-25 15:41:52.566369+05	3
5	2025-09-25 17:32:18.79492+05	6
6	2025-09-26 14:25:06.271451+05	9
7	2025-09-26 15:29:20.284732+05	11
8	2025-09-26 15:42:49.127233+05	12
9	2025-09-26 16:42:59.409417+05	14
10	2025-09-26 16:51:05.765723+05	13
11	2025-09-26 17:23:07.858443+05	15
12	2025-09-27 16:08:13.895718+05	18
13	2025-09-27 17:45:25.783446+05	19
14	2025-09-29 17:48:35.797361+05	21
15	2025-09-30 15:44:53.576835+05	24
16	2025-09-30 16:49:00.025465+05	25
17	2025-09-30 17:51:30.665879+05	26
18	2025-10-02 11:17:44.181765+05	28
19	2025-10-02 14:01:55.692176+05	29
20	2025-10-02 15:16:43.569556+05	31
21	2025-10-02 16:18:13.449847+05	32
22	2025-10-02 16:35:08.508382+05	30
23	2025-10-02 16:35:47.725572+05	33
24	2025-10-02 16:42:14.898599+05	35
25	2025-10-02 16:43:04.553312+05	36
26	2025-10-02 16:43:15.167776+05	37
27	2025-10-02 16:45:56.274142+05	38
28	2025-10-02 16:46:07.49305+05	39
29	2025-10-02 17:47:14.486183+05	40
30	2025-10-03 10:47:13.392682+05	42
31	2025-10-03 14:21:52.059955+05	47
32	2025-10-03 14:31:50.05743+05	46
33	2025-10-03 15:22:58.619276+05	48
34	2025-10-03 15:54:01.003245+05	49
35	2025-10-03 16:26:11.263536+05	50
36	2025-10-03 17:35:35.560297+05	52
37	2025-10-06 11:45:40.108509+05	54
38	2025-10-06 11:50:20.213906+05	55
39	2025-10-06 17:27:18.182829+05	56
40	2025-10-06 17:28:25.604649+05	57
41	2025-10-08 16:42:44.404606+05	59
42	2025-10-08 17:43:04.843586+05	61
43	2025-10-09 10:41:06.732484+05	62
44	2025-10-09 11:46:48.287857+05	63
45	2025-10-09 13:24:28.167015+05	64
46	2025-10-09 14:24:32.098123+05	65
47	2025-10-09 15:42:59.008771+05	66
48	2025-10-09 16:46:10.025333+05	67
49	2025-10-09 17:54:11.303313+05	68
50	2025-10-10 11:55:05.392963+05	70
51	2025-10-10 14:37:38.403381+05	71
52	2025-10-10 15:38:25.399516+05	72
53	2025-10-10 16:38:26.453902+05	74
54	2025-10-13 14:30:54.782367+05	76
55	2025-10-13 15:32:03.789939+05	77
\.


--
-- Data for Name: token_blacklist_outstandingtoken; Type: TABLE DATA; Schema: public; Owner: shakhriyor
--

COPY public.token_blacklist_outstandingtoken (id, token, created_at, expires_at, user_id, jti) FROM stdin;
1	eyJhbGciOiJIUzI1NiIsInR5cCI6IkpXVCJ9.eyJ0b2tlbl90eXBlIjoicmVmcmVzaCIsImV4cCI6MTc1OTM4NzI1OSwiaWF0IjoxNzU4NzgyNDU5LCJqdGkiOiIyNzBkMTZiMzVmMWI0YjQxYjRiNDU3MTdlMTJkN2M2OSIsInVzZXJfaWQiOjF9.7P_YRs_W7nDLOzkRV5zLNao_nwDDS16l0IdXbNshq_g	2025-09-25 11:40:59.339898+05	2025-10-02 11:40:59+05	1	270d16b35f1b4b41b4b45717e12d7c69
2	eyJhbGciOiJIUzI1NiIsInR5cCI6IkpXVCJ9.eyJ0b2tlbl90eXBlIjoicmVmcmVzaCIsImV4cCI6MTc1OTM5Mzc2MiwiaWF0IjoxNzU4Nzg4OTYyLCJqdGkiOiI5MzU3ZjYyZDg2YWU0ZDM2ODI4NDJhYjM3ZmI5NTkzZiIsInVzZXJfaWQiOjF9.5MC9Zn_7pLMk1Yh-lHCyo5RTWFZBAR8TqQOdbYasx7c	2025-09-25 13:29:22.837751+05	2025-10-02 13:29:22+05	1	9357f62d86ae4d3682842ab37fb9593f
3	eyJhbGciOiJIUzI1NiIsInR5cCI6IkpXVCJ9.eyJ0b2tlbl90eXBlIjoicmVmcmVzaCIsImV4cCI6MTc1OTM5NzY4MywiaWF0IjoxNzU4NzkyODgzLCJqdGkiOiIwZTY0NWJhZjg4OWQ0NDA3ODliMGRlNTg2MDlmMzk3YiIsInVzZXJfaWQiOjF9.csVFAYtus6B0RehTD7Pfy3Y14WtAGscyDTUIDXYtMZ8	2025-09-25 14:34:43.036692+05	2025-10-02 14:34:43+05	1	0e645baf889d440789b0de58609f397b
4	eyJhbGciOiJIUzI1NiIsInR5cCI6IkpXVCJ9.eyJ0b2tlbl90eXBlIjoicmVmcmVzaCIsImV4cCI6MTc1OTM5ODAxMSwiaWF0IjoxNzU4NzkzMjExLCJqdGkiOiJlMWU0ZGFiNzkzNDM0NzEzOWJhM2FkMDBjMmJmNjhkNiIsInVzZXJfaWQiOjF9.zDtx93L3JmyUfo35otP6UQsp8FegunOXb43l_LGYpgg	2025-09-25 14:40:11.22083+05	2025-10-02 14:40:11+05	1	e1e4dab7934347139ba3ad00c2bf68d6
5	eyJhbGciOiJIUzI1NiIsInR5cCI6IkpXVCJ9.eyJ0b2tlbl90eXBlIjoicmVmcmVzaCIsImV4cCI6MTc1OTQwMTY1NywiaWF0IjoxNzU4Nzk2ODU3LCJqdGkiOiJmM2FjMjYwNmYyZDE0Nzc5OTBhNTExMzRlYWEyM2Y2ZiIsInVzZXJfaWQiOjF9.Uu4neJ2gjtwXpkOV_dtyH3i_neBH9cX4Qsc-arUIskM	2025-09-25 15:40:57.275699+05	2025-10-02 15:40:57+05	1	f3ac2606f2d1477990a51134eaa23f6f
6	eyJhbGciOiJIUzI1NiIsInR5cCI6IkpXVCJ9.eyJ0b2tlbl90eXBlIjoicmVmcmVzaCIsImV4cCI6MTc1OTQwMTcxMiwiaWF0IjoxNzU4Nzk2OTEyLCJqdGkiOiJjMDk0Y2VjOTBkNjE0NjczYTA4NTYxZTliZWMzNzkzZSIsInVzZXJfaWQiOjF9.mundbEiBK0n-YnSyKgfNEW5H9kWcUeJRJSw7BlhP7pU	2025-09-25 15:41:52.559742+05	2025-10-02 15:41:52+05	1	c094cec90d614673a08561e9bec3793e
7	eyJhbGciOiJIUzI1NiIsInR5cCI6IkpXVCJ9.eyJ0b2tlbl90eXBlIjoicmVmcmVzaCIsImV4cCI6MTc1OTQwODMzOCwiaWF0IjoxNzU4ODAzNTM4LCJqdGkiOiJiMGNjZmZkNzFmM2M0ZjlhYjgwODgxNTJlZGNjYzc5NiIsInVzZXJfaWQiOjF9.CW41WZy_ljiHCUUXXeIE-qU2nog2JBm-lUlwDYnZ3l0	2025-09-25 17:32:18.790028+05	2025-10-02 17:32:18+05	1	b0ccffd71f3c4f9ab8088152edccc796
8	eyJhbGciOiJIUzI1NiIsInR5cCI6IkpXVCJ9.eyJ0b2tlbl90eXBlIjoicmVmcmVzaCIsImV4cCI6MTc1OTQyMTgwMywiaWF0IjoxNzU4ODE3MDAzLCJqdGkiOiJiYzkwMjY2ZmJjOTg0MzY0OGNhNzBmNWZjZjRjNTUzMiIsInVzZXJfaWQiOjF9.3bNCCzeORi3QPw2rhvF7KDYXT5XJXk_LyPS3gzdnSyo	2025-09-25 21:16:43.739978+05	2025-10-02 21:16:43+05	1	bc90266fbc9843648ca70f5fcf4c5532
9	eyJhbGciOiJIUzI1NiIsInR5cCI6IkpXVCJ9.eyJ0b2tlbl90eXBlIjoicmVmcmVzaCIsImV4cCI6MTc1OTQ2OTU1NiwiaWF0IjoxNzU4ODY0NzU2LCJqdGkiOiJkYmM2MjIzY2YyODQ0N2RjYWNiNmM3N2E2OWU1Mjk4ZiIsInVzZXJfaWQiOjF9.lEfuEOELxLU4e5ygjuoCtrd-MPRYGVrDqHD5D3k3DZg	2025-09-26 10:32:36.57059+05	2025-10-03 10:32:36+05	1	dbc6223cf28447dcacb6c77a69e5298f
10	eyJhbGciOiJIUzI1NiIsInR5cCI6IkpXVCJ9.eyJ0b2tlbl90eXBlIjoicmVmcmVzaCIsImV4cCI6MTc1OTQ3MTk5NiwiaWF0IjoxNzU4ODY3MTk2LCJqdGkiOiI4N2ZhNzUzYzYyOGU0ZjQ0OTZlMzBiMDAyOTZiNGUzOSIsInVzZXJfaWQiOjF9.58xyWQoxWx4xNdaGrTk4fpHzUhmwflUts_f1tLGCoi4	2025-09-26 11:13:16.576505+05	2025-10-03 11:13:16+05	1	87fa753c628e4f4496e30b00296b4e39
11	eyJhbGciOiJIUzI1NiIsInR5cCI6IkpXVCJ9.eyJ0b2tlbl90eXBlIjoicmVmcmVzaCIsImV4cCI6MTc1OTQ4MzQzNCwiaWF0IjoxNzU4ODc4NjM0LCJqdGkiOiIxNTUyZGMyNGFkNzc0YTQ1OGU3YjY3M2FhMTVlNjQzNiIsInVzZXJfaWQiOjF9.AMJ1JCHZmWlIA7sp3BKRSoDX6kMBrP4sK5FZC2x4VAg	2025-09-26 14:23:54.824186+05	2025-10-03 14:23:54+05	1	1552dc24ad774a458e7b673aa15e6436
12	eyJhbGciOiJIUzI1NiIsInR5cCI6IkpXVCJ9.eyJ0b2tlbl90eXBlIjoicmVmcmVzaCIsImV4cCI6MTc1OTQ4MzUwNiwiaWF0IjoxNzU4ODc4NzA2LCJqdGkiOiIyYzYyMmMzMTRjM2U0YWE5ODIyOTFjN2M2ZGUyYTk4MCIsInVzZXJfaWQiOjF9.xZFIKa5j9sHsYo7vKQefLhMYIXDaqsqu2F6eNOTmjD8	2025-09-26 14:25:06.2658+05	2025-10-03 14:25:06+05	1	2c622c314c3e4aa982291c7c6de2a980
13	eyJhbGciOiJIUzI1NiIsInR5cCI6IkpXVCJ9.eyJ0b2tlbl90eXBlIjoicmVmcmVzaCIsImV4cCI6MTc1OTQ4NzM2MCwiaWF0IjoxNzU4ODgyNTYwLCJqdGkiOiI2ZTBkYjJmNWVkYmI0NzNhOTUxMGY5ZmNhNjE4NGI4MCIsInVzZXJfaWQiOjF9.xm0Q8SsFIuofVQLdgUq2yD7RC2wdLeJICL5mUNVj--g	2025-09-26 15:29:20.276077+05	2025-10-03 15:29:20+05	1	6e0db2f5edbb473a9510f9fca6184b80
14	eyJhbGciOiJIUzI1NiIsInR5cCI6IkpXVCJ9.eyJ0b2tlbl90eXBlIjoicmVmcmVzaCIsImV4cCI6MTc1OTQ4ODE2OSwiaWF0IjoxNzU4ODgzMzY5LCJqdGkiOiI1Y2RiYTk1ZjFiYTM0YzcyOWUzZDczMThhZGRjODFhZSIsInVzZXJfaWQiOjF9.SPd83rsFGsz70fCVB44NOvbo0rX8vqeVovwpZofNgmo	2025-09-26 15:42:49.121339+05	2025-10-03 15:42:49+05	1	5cdba95f1ba34c729e3d7318addc81ae
15	eyJhbGciOiJIUzI1NiIsInR5cCI6IkpXVCJ9.eyJ0b2tlbl90eXBlIjoicmVmcmVzaCIsImV4cCI6MTc1OTQ5MTc3OSwiaWF0IjoxNzU4ODg2OTc5LCJqdGkiOiJhODYyNjA3MmIxZWM0YTI3YWRiZjgwODg1NDE4NTdmYiIsInVzZXJfaWQiOjF9.VUK8SJxQtvsnwvYYfyMLZhBA2KTV9hZyrw-8XDfHhns	2025-09-26 16:42:59.402415+05	2025-10-03 16:42:59+05	1	a8626072b1ec4a27adbf8088541857fb
16	eyJhbGciOiJIUzI1NiIsInR5cCI6IkpXVCJ9.eyJ0b2tlbl90eXBlIjoicmVmcmVzaCIsImV4cCI6MTc1OTQ5MjI2NSwiaWF0IjoxNzU4ODg3NDY1LCJqdGkiOiJkOThjOGExZTAyZmY0MWVlYTVhMzQxMTFhNGQ5MjI5YiIsInVzZXJfaWQiOjF9.4yJHdwa65JzgJF41ZUr9FUnu01YQ11ngivcS9M-1R08	2025-09-26 16:51:05.758641+05	2025-10-03 16:51:05+05	1	d98c8a1e02ff41eea5a34111a4d9229b
18	eyJhbGciOiJIUzI1NiIsInR5cCI6IkpXVCJ9.eyJ0b2tlbl90eXBlIjoicmVmcmVzaCIsImV4cCI6MTc1OTU3MjQ1NCwiaWF0IjoxNzU4OTY3NjU0LCJqdGkiOiJmYmUwNzVkOTVmYjc0MWVhOTE2N2YwNmE1N2M0ZDg4YiIsInVzZXJfaWQiOjF9.bUJOHScmc01pYm3pyHkt4b3u41HM7i0mo-UuGIJ_9u8	2025-09-27 15:07:34.251086+05	2025-10-04 15:07:34+05	1	fbe075d95fb741ea9167f06a57c4d88b
19	eyJhbGciOiJIUzI1NiIsInR5cCI6IkpXVCJ9.eyJ0b2tlbl90eXBlIjoicmVmcmVzaCIsImV4cCI6MTc1OTU3NjA5MywiaWF0IjoxNzU4OTcxMjkzLCJqdGkiOiI4ODU2OGI0MzJmOWI0NzMzYWYxYWM5NjcwOGVkMDg1YSIsInVzZXJfaWQiOjF9.DXLN_xITjxOOmR7wZsFgIy4kosSfbFL1kUC7zJJDGLE	2025-09-27 16:08:13.888489+05	2025-10-04 16:08:13+05	1	88568b432f9b4733af1ac96708ed085a
20	eyJhbGciOiJIUzI1NiIsInR5cCI6IkpXVCJ9.eyJ0b2tlbl90eXBlIjoicmVmcmVzaCIsImV4cCI6MTc1OTU4MTkyNSwiaWF0IjoxNzU4OTc3MTI1LCJqdGkiOiI4ZGRlOGY0MjgwNGY0OTE5YTliMWQ4NWIxOTM1NzJmNCIsInVzZXJfaWQiOjF9.tKKVzDZpb4g_bmw617nz9zYTxt6y1yFDUNCbBZD_ayI	2025-09-27 17:45:25.777911+05	2025-10-04 17:45:25+05	1	8dde8f42804f4919a9b1d85b193572f4
17	eyJhbGciOiJIUzI1NiIsInR5cCI6IkpXVCJ9.eyJ0b2tlbl90eXBlIjoicmVmcmVzaCIsImV4cCI6MTc1OTQ5NDE5NSwiaWF0IjoxNzU4ODg5Mzk1LCJqdGkiOiI4OThlNTBhYmFkMDA0ODMyYWI0YzIwNWZlZWQwMWI4YiIsInVzZXJfaWQiOjEwfQ.js-FpDNbwb9Ei4JOmXclzt8TGn0aHdXsecbm3JTmlb4	2025-09-26 17:23:15.005021+05	2025-10-03 17:23:15+05	\N	898e50abad004832ab4c205feed01b8b
21	eyJhbGciOiJIUzI1NiIsInR5cCI6IkpXVCJ9.eyJ0b2tlbl90eXBlIjoicmVmcmVzaCIsImV4cCI6MTc1OTc1MDk4MywiaWF0IjoxNzU5MTQ2MTgzLCJqdGkiOiJiYTRhM2U4MjM3ODY0ZjBhOGNlMGY5ZDBlYzRiMTlmOSIsInVzZXJfaWQiOjF9.olYc6QrK9Np83tRIyfPODTMYfpEw8Xjok8N5Ns-iwuk	2025-09-29 16:43:03.862551+05	2025-10-06 16:43:03+05	1	ba4a3e8237864f0a8ce0f9d0ec4b19f9
22	eyJhbGciOiJIUzI1NiIsInR5cCI6IkpXVCJ9.eyJ0b2tlbl90eXBlIjoicmVmcmVzaCIsImV4cCI6MTc1OTc1MjUxNCwiaWF0IjoxNzU5MTQ3NzE0LCJqdGkiOiI3MTA3NTliYjY2YzA0OWY4OWMyZWM2MDYzNTVkMzhlOCIsInVzZXJfaWQiOjF9.HH0ESBPYDEm4HSN-AMTUv2t24lsszW6UemQIPPloQ6s	2025-09-29 17:08:34.636062+05	2025-10-06 17:08:34+05	1	710759bb66c049f89c2ec606355d38e8
23	eyJhbGciOiJIUzI1NiIsInR5cCI6IkpXVCJ9.eyJ0b2tlbl90eXBlIjoicmVmcmVzaCIsImV4cCI6MTc1OTc1NDkxNSwiaWF0IjoxNzU5MTUwMTE1LCJqdGkiOiIxODMwODM2ZmVmYWQ0YzVlYTVmM2NiZTgxNTI3MzU2ZiIsInVzZXJfaWQiOjF9.lNwRbYnDi4sLFRqv7AcC-6OTI6Ctad4NU3Pbyzs65q4	2025-09-29 17:48:35.788851+05	2025-10-06 17:48:35+05	1	1830836fefad4c5ea5f3cbe81527356f
28	eyJhbGciOiJIUzI1NiIsInR5cCI6IkpXVCJ9.eyJ0b2tlbl90eXBlIjoicmVmcmVzaCIsImV4cCI6MTc1OTk5MDY1OCwiaWF0IjoxNzU5Mzg1ODU4LCJqdGkiOiJmNDRhOTJiNWJkNzY0OTgwYjY5NTI4Y2I3NTNkMTExMCIsInVzZXJfaWQiOjF9.YeSnb8nZZt-k7Z4zYfitukTJ4ACaYTPK8tDJPC1Q-mM	2025-10-02 11:17:38.129799+05	2025-10-09 11:17:38+05	1	f44a92b5bd764980b69528cb753d1110
30	eyJhbGciOiJIUzI1NiIsInR5cCI6IkpXVCJ9.eyJ0b2tlbl90eXBlIjoicmVmcmVzaCIsImV4cCI6MTc1OTk5ODYwMywiaWF0IjoxNzU5MzkzODAzLCJqdGkiOiI4ODhmMmJkZGZiN2I0N2M2YWQxODU4OTBiZjM2OWUxYyIsInVzZXJfaWQiOjF9.uOCkCJeBQlcCV8iUTGonVqFg7wO0Yq1Q6h0LtD_QWFY	2025-10-02 13:30:03.709498+05	2025-10-09 13:30:03+05	1	888f2bddfb7b47c6ad185890bf369e1c
34	eyJhbGciOiJIUzI1NiIsInR5cCI6IkpXVCJ9.eyJ0b2tlbl90eXBlIjoicmVmcmVzaCIsImV4cCI6MTc2MDAwOTcwOCwiaWF0IjoxNzU5NDA0OTA4LCJqdGkiOiI2YzI0YjRiZTUwOGM0ODgzYTc2NDEzNTEwZDQ5ZWNlOCIsInVzZXJfaWQiOjF9.4sVFIaHStk7g8QLs7KHJKnc1x8bJeSBq12aIcXyO6L4	2025-10-02 16:35:08.503442+05	2025-10-09 16:35:08+05	1	6c24b4be508c4883a76413510d49ece8
35	eyJhbGciOiJIUzI1NiIsInR5cCI6IkpXVCJ9.eyJ0b2tlbl90eXBlIjoicmVmcmVzaCIsImV4cCI6MTc2MDAwOTc1MSwiaWF0IjoxNzU5NDA0OTUxLCJqdGkiOiI1NGIxYjQ4NGEzOTI0MmJjYjNlNzI5ZjJlNTNiMDdiZSIsInVzZXJfaWQiOjF9.X0QWTh1Z3oosPirroHCcwXSCe79ICROhcp9AcZtvXr8	2025-10-02 16:35:51.486812+05	2025-10-09 16:35:51+05	1	54b1b484a39242bcb3e729f2e53b07be
37	eyJhbGciOiJIUzI1NiIsInR5cCI6IkpXVCJ9.eyJ0b2tlbl90eXBlIjoicmVmcmVzaCIsImV4cCI6MTc2MDAxMDE4OCwiaWF0IjoxNzU5NDA1Mzg4LCJqdGkiOiJiNjYyYzZiOTA2MzI0ZjQwYmRhOTQ0NGUwODE2MDU2YSIsInVzZXJfaWQiOjF9.sh-_QYP4QRY3e_hA-GE40pSJUCDjWLLY8PiN-sye4t0	2025-10-02 16:43:08.373756+05	2025-10-09 16:43:08+05	1	b662c6b906324f40bda9444e0816056a
39	eyJhbGciOiJIUzI1NiIsInR5cCI6IkpXVCJ9.eyJ0b2tlbl90eXBlIjoicmVmcmVzaCIsImV4cCI6MTc2MDAxMDM2MiwiaWF0IjoxNzU5NDA1NTYyLCJqdGkiOiI0NTBkNmVlMDY5MmI0ZTQ0OGJmNTYzYjdmNjIxMGUyMiIsInVzZXJfaWQiOjF9.u5jbPBbBrvWMD1SlvV7z1oyTCYSLkyEOZ-Y9Jb7VJDo	2025-10-02 16:46:02.294643+05	2025-10-09 16:46:02+05	1	450d6ee0692b4e448bf563b7f6210e22
42	eyJhbGciOiJIUzI1NiIsInR5cCI6IkpXVCJ9.eyJ0b2tlbl90eXBlIjoicmVmcmVzaCIsImV4cCI6MTc2MDA3NTIwNSwiaWF0IjoxNzU5NDcwNDA1LCJqdGkiOiI1NjllN2Q3YjMxMGQ0ZDE0YWE2YTdlY2I5NmM2YzRiMiIsInVzZXJfaWQiOjF9._dXTS3tup740qVI3lhNth2nIp79vn7XR10umEKW6ZL8	2025-10-03 10:46:45.797457+05	2025-10-10 10:46:45+05	1	569e7d7b310d4d14aa6a7ecb96c6c4b2
43	eyJhbGciOiJIUzI1NiIsInR5cCI6IkpXVCJ9.eyJ0b2tlbl90eXBlIjoicmVmcmVzaCIsImV4cCI6MTc2MDA3NTI0NywiaWF0IjoxNzU5NDcwNDQ3LCJqdGkiOiJlNmNmZmEzY2MyMGI0NzczYmE1ZDEyOTcyNDJkMWI0OCIsInVzZXJfaWQiOjF9.iZbja6IF9hqnrfU39smZ2z_N0g4dCmRA72LzJ2Ra7Ck	2025-10-03 10:47:27.415677+05	2025-10-10 10:47:27+05	1	e6cffa3cc20b4773ba5d1297242d1b48
44	eyJhbGciOiJIUzI1NiIsInR5cCI6IkpXVCJ9.eyJ0b2tlbl90eXBlIjoicmVmcmVzaCIsImV4cCI6MTc2MDA3NTM1NSwiaWF0IjoxNzU5NDcwNTU1LCJqdGkiOiJkNDAwMmExNjM0OTQ0YWMwYjk3NDdmZmVjZTU2ZGRkZiIsInVzZXJfaWQiOjF9.WSvMlpjCRnZd71tfDzyCsyf8o39AlUzdW8MpSfb0YmQ	2025-10-03 10:49:15.475874+05	2025-10-10 10:49:15+05	1	d4002a1634944ac0b9747ffece56dddf
45	eyJhbGciOiJIUzI1NiIsInR5cCI6IkpXVCJ9.eyJ0b2tlbl90eXBlIjoicmVmcmVzaCIsImV4cCI6MTc2MDA3NTU1MSwiaWF0IjoxNzU5NDcwNzUxLCJqdGkiOiJjMWJiNjI2N2M2NzU0NTU1OGQzNGRiZDg5OGY0NGYxZiIsInVzZXJfaWQiOjF9.Sd5Bk1W1m-tNtHSWC6x8ijtTXDgxCJ-LshpeD-UidC8	2025-10-03 10:52:31.860381+05	2025-10-10 10:52:31+05	1	c1bb6267c67545558d34dbd898f44f1f
46	eyJhbGciOiJIUzI1NiIsInR5cCI6IkpXVCJ9.eyJ0b2tlbl90eXBlIjoicmVmcmVzaCIsImV4cCI6MTc2MDA3ODQzNSwiaWF0IjoxNzU5NDczNjM1LCJqdGkiOiI1M2U0OGM0ZGZhM2U0MDIxODhkNDdmM2RkOWE0OTMxMyIsInVzZXJfaWQiOjF9.HpelroN9otDlgrVxTLZKRXv_rN9yxd449I44i-KDHV8	2025-10-03 11:40:35.955727+05	2025-10-10 11:40:35+05	1	53e48c4dfa3e402188d47f3dd9a49313
47	eyJhbGciOiJIUzI1NiIsInR5cCI6IkpXVCJ9.eyJ0b2tlbl90eXBlIjoicmVmcmVzaCIsImV4cCI6MTc2MDA3ODgxNywiaWF0IjoxNzU5NDc0MDE3LCJqdGkiOiI3NmU2NzkyOWExNjk0MTY4YTE0YjJlMDA3NzY0MjlkMSIsInVzZXJfaWQiOjF9.1DFnhyvDEGlIbcgFwhS1PrYyXoZTVXJ4AHrDN-MYAOo	2025-10-03 11:46:57.008059+05	2025-10-10 11:46:57+05	1	76e67929a1694168a14b2e00776429d1
48	eyJhbGciOiJIUzI1NiIsInR5cCI6IkpXVCJ9.eyJ0b2tlbl90eXBlIjoicmVmcmVzaCIsImV4cCI6MTc2MDA4ODExMiwiaWF0IjoxNzU5NDgzMzEyLCJqdGkiOiJlY2RjZGZmMjE1YTc0MDFhOTFkZWFkMWMzNDk2MjAwMiIsInVzZXJfaWQiOjF9.sOdqL0_vBPnXwrzIgtdboclEY_PQIN1f-Q-4uRyl6cY	2025-10-03 14:21:52.056554+05	2025-10-10 14:21:52+05	1	ecdcdff215a7401a91dead1c34962002
49	eyJhbGciOiJIUzI1NiIsInR5cCI6IkpXVCJ9.eyJ0b2tlbl90eXBlIjoicmVmcmVzaCIsImV4cCI6MTc2MDA4ODcxMCwiaWF0IjoxNzU5NDgzOTEwLCJqdGkiOiI4Y2U1NDM3MTc2YmI0OGIyODgyYjM2YzRkNTc4OGIxZSIsInVzZXJfaWQiOjF9.WFgJ_JBXgi7z8kJA-2rpdUU6wqjCjyU6ywJm3QiT5bA	2025-10-03 14:31:50.050751+05	2025-10-10 14:31:50+05	1	8ce5437176bb48b2882b36c4d5788b1e
50	eyJhbGciOiJIUzI1NiIsInR5cCI6IkpXVCJ9.eyJ0b2tlbl90eXBlIjoicmVmcmVzaCIsImV4cCI6MTc2MDA5MTc3OCwiaWF0IjoxNzU5NDg2OTc4LCJqdGkiOiI0ZDY2YTFiNGNiMzk0YWZiYWE3MjA3NTM3MTkzOWI2NSIsInVzZXJfaWQiOjF9.wn7Bn5PevMBXB6Uy3aRjyODWJwe6sK6jdbU0b04Zphk	2025-10-03 15:22:58.613169+05	2025-10-10 15:22:58+05	1	4d66a1b4cb394afbaa72075371939b65
51	eyJhbGciOiJIUzI1NiIsInR5cCI6IkpXVCJ9.eyJ0b2tlbl90eXBlIjoicmVmcmVzaCIsImV4cCI6MTc2MDA5MzY0MCwiaWF0IjoxNzU5NDg4ODQwLCJqdGkiOiI2YzQ5NDQwYTMwYjM0ODc1YWUzMjhkYjU0NDQ0MjdjNiIsInVzZXJfaWQiOjF9.7bUef-FmWaNl61Afe_4bYnrtBUzTk67nYKXoEv_TGC8	2025-10-03 15:54:00.995484+05	2025-10-10 15:54:00+05	1	6c49440a30b34875ae328db5444427c6
52	eyJhbGciOiJIUzI1NiIsInR5cCI6IkpXVCJ9.eyJ0b2tlbl90eXBlIjoicmVmcmVzaCIsImV4cCI6MTc2MDA5NTU3MSwiaWF0IjoxNzU5NDkwNzcxLCJqdGkiOiI3NjFmMzhkNjc3NTk0YTA4YmM2ZTliNjUyOWE0OGI4NCIsInVzZXJfaWQiOjF9.Kxg0ALnfcctCeP7rcnxLyZikuRID5Z_0c6RcLRvyQ58	2025-10-03 16:26:11.257769+05	2025-10-10 16:26:11+05	1	761f38d677594a08bc6e9b6529a48b84
53	eyJhbGciOiJIUzI1NiIsInR5cCI6IkpXVCJ9.eyJ0b2tlbl90eXBlIjoicmVmcmVzaCIsImV4cCI6MTc2MDA5OTczNSwiaWF0IjoxNzU5NDk0OTM1LCJqdGkiOiJjYzExMjMyMmE3OGU0NzE2OGZiMWZhZDE1MTFkN2MzNiIsInVzZXJfaWQiOjF9.YsOQwh8P-WASbVpxWg3jLaSRb9HTfaR40P6U-ZeMM-A	2025-10-03 17:35:35.553918+05	2025-10-10 17:35:35+05	1	cc112322a78e47168fb1fad1511d7c36
54	eyJhbGciOiJIUzI1NiIsInR5cCI6IkpXVCJ9.eyJ0b2tlbl90eXBlIjoicmVmcmVzaCIsImV4cCI6MTc2MDMzMzg3NiwiaWF0IjoxNzU5NzI5MDc2LCJqdGkiOiI2ODAzMzRlOGZmNjU0MTk4OGUxMDVhZWVhYWEyNzc0OCIsInVzZXJfaWQiOjF9.3oPbBHYEKMY0JIBVQSw5Fp6KzqMgBt6-aTjBOyoXkxA	2025-10-06 10:37:56.602776+05	2025-10-13 10:37:56+05	1	680334e8ff6541988e105aeeaaa27748
55	eyJhbGciOiJIUzI1NiIsInR5cCI6IkpXVCJ9.eyJ0b2tlbl90eXBlIjoicmVmcmVzaCIsImV4cCI6MTc2MDMzNzk0MCwiaWF0IjoxNzU5NzMzMTQwLCJqdGkiOiI0ZWNkYTc1YTM5OWM0MDdkYTY3N2I2NWVjMzY5OTlmNiIsInVzZXJfaWQiOjF9.VurOxo_cPrLCYA115KzWLE-2FlKRIh9bI3mglYA6XPg	2025-10-06 11:45:40.099937+05	2025-10-13 11:45:40+05	1	4ecda75a399c407da677b65ec36999f6
24	eyJhbGciOiJIUzI1NiIsInR5cCI6IkpXVCJ9.eyJ0b2tlbl90eXBlIjoicmVmcmVzaCIsImV4cCI6MTc1OTgxNDkzNiwiaWF0IjoxNzU5MjEwMTM2LCJqdGkiOiI2YTU0YTU0ZmI2YTQ0Mjg4OTY5NTFmODY5Y2ZlMDY2ZCIsInVzZXJfaWQiOjN9._1f9KQ-dEoXtuG_6AlFdeZjtlQavqcnUCT8OeA6eOiM	2025-09-30 10:28:56.476638+05	2025-10-07 10:28:56+05	\N	6a54a54fb6a4428896951f869cfe066d
25	eyJhbGciOiJIUzI1NiIsInR5cCI6IkpXVCJ9.eyJ0b2tlbl90eXBlIjoicmVmcmVzaCIsImV4cCI6MTc1OTgzMzg5MywiaWF0IjoxNzU5MjI5MDkzLCJqdGkiOiIzNDhlMjNlMGU2MDY0YmY1YTFkZWNmYTlmN2FmNzQxZSIsInVzZXJfaWQiOjN9.qu3t4RJle2NrrtNe2OhBymZDITyLQXUZr1efPB_b1YQ	2025-09-30 15:44:53.572912+05	2025-10-07 15:44:53+05	\N	348e23e0e6064bf5a1decfa9f7af741e
26	eyJhbGciOiJIUzI1NiIsInR5cCI6IkpXVCJ9.eyJ0b2tlbl90eXBlIjoicmVmcmVzaCIsImV4cCI6MTc1OTgzNzc0MCwiaWF0IjoxNzU5MjMyOTQwLCJqdGkiOiIzM2FhNzFhZGU2ZTQ0ODUwODE0YWQxNGU4ZTdkOWNkYiIsInVzZXJfaWQiOjN9.QrgD8mW-Nepgcsp_rxR_--mV0Led7KUZrnQwVnJAFbc	2025-09-30 16:49:00.020182+05	2025-10-07 16:49:00+05	\N	33aa71ade6e44850814ad14e8e7d9cdb
27	eyJhbGciOiJIUzI1NiIsInR5cCI6IkpXVCJ9.eyJ0b2tlbl90eXBlIjoicmVmcmVzaCIsImV4cCI6MTc1OTg0MTQ5MCwiaWF0IjoxNzU5MjM2NjkwLCJqdGkiOiJkYTQzOGJlNzNlN2I0ZmVlYjA5OGY4MDFhYTgwMmUxMyIsInVzZXJfaWQiOjN9.7K-LUJN-mShXAyYidseTdXSlEIF-RjLN636fcU7qRPU	2025-09-30 17:51:30.660716+05	2025-10-07 17:51:30+05	\N	da438be73e7b4feeb098f801aa802e13
29	eyJhbGciOiJIUzI1NiIsInR5cCI6IkpXVCJ9.eyJ0b2tlbl90eXBlIjoicmVmcmVzaCIsImV4cCI6MTc1OTk5MDY3MywiaWF0IjoxNzU5Mzg1ODczLCJqdGkiOiJhZTUyMDY4Y2YxMDE0Y2RkYjZjMjNkNDgxMzIwZTBkNiIsInVzZXJfaWQiOjN9.Nia5zJ_lPpqm533OmohFRH4iFWNo68mnKM6c6ue0xWc	2025-10-02 11:17:53.790993+05	2025-10-09 11:17:53+05	\N	ae52068cf1014cddb6c23d481320e0d6
31	eyJhbGciOiJIUzI1NiIsInR5cCI6IkpXVCJ9.eyJ0b2tlbl90eXBlIjoicmVmcmVzaCIsImV4cCI6MTc2MDAwMDUxNSwiaWF0IjoxNzU5Mzk1NzE1LCJqdGkiOiIyOWIxMDc4NGE1ZmQ0Y2Y1OTUxYTUwOTMxMzYzMjE5OSIsInVzZXJfaWQiOjN9.KIyJwgapROdLqB9ZYHxbgjwWMFPGQ9VKkdFpY_i-wcU	2025-10-02 14:01:55.687151+05	2025-10-09 14:01:55+05	\N	29b10784a5fd4cf5951a509313632199
32	eyJhbGciOiJIUzI1NiIsInR5cCI6IkpXVCJ9.eyJ0b2tlbl90eXBlIjoicmVmcmVzaCIsImV4cCI6MTc2MDAwNTAwMywiaWF0IjoxNzU5NDAwMjAzLCJqdGkiOiI1ZDIwYmY5NjNmNTA0Yjc3YjNmMjQ4YTZjNDU3ZmIwNCIsInVzZXJfaWQiOjN9.3yIggsHxuvpg1aikSUmIfKzV_KxMKCjRpQ9yQaNhDgs	2025-10-02 15:16:43.564491+05	2025-10-09 15:16:43+05	\N	5d20bf963f504b77b3f248a6c457fb04
33	eyJhbGciOiJIUzI1NiIsInR5cCI6IkpXVCJ9.eyJ0b2tlbl90eXBlIjoicmVmcmVzaCIsImV4cCI6MTc2MDAwODY5MywiaWF0IjoxNzU5NDAzODkzLCJqdGkiOiJiMzQ3YmYzOTRiNWI0NWE4YjI1ZTUzNTg5NTg3OTRiZiIsInVzZXJfaWQiOjN9.wWd5AnLjCUW6ncNv5ZOzcxIrfawYr4zGA2EhsPjJs6M	2025-10-02 16:18:13.445958+05	2025-10-09 16:18:13+05	\N	b347bf394b5b45a8b25e5358958794bf
36	eyJhbGciOiJIUzI1NiIsInR5cCI6IkpXVCJ9.eyJ0b2tlbl90eXBlIjoicmVmcmVzaCIsImV4cCI6MTc2MDAxMDE0MiwiaWF0IjoxNzU5NDA1MzQyLCJqdGkiOiIyOGI5YTMzODYwMmU0OGEyYmU0OTIxZjMwY2UxNDM1OSIsInVzZXJfaWQiOjN9.nZykc1VzF2cH7eWUecTsO8Ecm-eqjGZsk1-xVbdPAkg	2025-10-02 16:42:22.155148+05	2025-10-09 16:42:22+05	\N	28b9a338602e48a2be4921f30ce14359
38	eyJhbGciOiJIUzI1NiIsInR5cCI6IkpXVCJ9.eyJ0b2tlbl90eXBlIjoicmVmcmVzaCIsImV4cCI6MTc2MDAxMDIwMiwiaWF0IjoxNzU5NDA1NDAyLCJqdGkiOiI3Y2VmNjgzNzJhYjA0OTI1OTIyYjdjNDc3OTUzNTY5YiIsInVzZXJfaWQiOjN9.ZY2tR7htddTazS927jLm-HESaFvcJTVMkYXyuz7D96E	2025-10-02 16:43:22.217952+05	2025-10-09 16:43:22+05	\N	7cef68372ab04925922b7c477953569b
40	eyJhbGciOiJIUzI1NiIsInR5cCI6IkpXVCJ9.eyJ0b2tlbl90eXBlIjoicmVmcmVzaCIsImV4cCI6MTc2MDAxMDM3NCwiaWF0IjoxNzU5NDA1NTc0LCJqdGkiOiI5ZDA1NmQ2Zjk5ZGY0ZmE5YjA2YjEyMTlkOGM4OGQzMiIsInVzZXJfaWQiOjN9.rV8uq3wLnyR5s52Y87oQ8At4oHTV6ZmUZltGo-Qlxjc	2025-10-02 16:46:14.359926+05	2025-10-09 16:46:14+05	\N	9d056d6f99df4fa9b06b1219d8c88d32
41	eyJhbGciOiJIUzI1NiIsInR5cCI6IkpXVCJ9.eyJ0b2tlbl90eXBlIjoicmVmcmVzaCIsImV4cCI6MTc2MDAxNDAzNCwiaWF0IjoxNzU5NDA5MjM0LCJqdGkiOiI0ZjRiMTA0ZDc0Y2E0M2Y4YTdjZDIyYTVhM2Q2NDczYiIsInVzZXJfaWQiOjN9.2nHUA_dQ40Lz9RHbbF5_vXAabRdeTa4yNf6MJds-ch8	2025-10-02 17:47:14.448332+05	2025-10-09 17:47:14+05	\N	4f4b104d74ca43f8a7cd22a5a3d6473b
56	eyJhbGciOiJIUzI1NiIsInR5cCI6IkpXVCJ9.eyJ0b2tlbl90eXBlIjoicmVmcmVzaCIsImV4cCI6MTc2MDMzODIyOSwiaWF0IjoxNzU5NzMzNDI5LCJqdGkiOiJhYjg5NTEyMDJmMDQ0YTViYWQ0OTRhNTVkNmFmMjEwOCIsInVzZXJfaWQiOjR9.Gxk8bGJWcL0T4mXTKkbmsphDS5QenTz7bzETUz72Wf8	2025-10-06 11:50:29.735697+05	2025-10-13 11:50:29+05	4	ab8951202f044a5bad494a55d6af2108
57	eyJhbGciOiJIUzI1NiIsInR5cCI6IkpXVCJ9.eyJ0b2tlbl90eXBlIjoicmVmcmVzaCIsImV4cCI6MTc2MDM1ODQzOCwiaWF0IjoxNzU5NzUzNjM4LCJqdGkiOiI2YWQ3Yzc3ZWEyZjg0YzZmOTAwMGI0YTBkNjcxOTZmNCIsInVzZXJfaWQiOjR9.Zi7RvPYgngKwLq5Ik20qr-ryXxhOfttrBkXN0pgXp-Q	2025-10-06 17:27:18.176544+05	2025-10-13 17:27:18+05	4	6ad7c77ea2f84c6f9000b4a0d67196f4
58	eyJhbGciOiJIUzI1NiIsInR5cCI6IkpXVCJ9.eyJ0b2tlbl90eXBlIjoicmVmcmVzaCIsImV4cCI6MTc2MDM1ODUxMywiaWF0IjoxNzU5NzUzNzEzLCJqdGkiOiI1ODliNDg4OWQ5NTU0MDkzYjNhNWRkOGU1OWYzOWI4OCIsInVzZXJfaWQiOjR9.vs7mE7_IEZxn0aCVcXFRil2A5FVmj8dBCIF5QWnR2Oc	2025-10-06 17:28:33.241421+05	2025-10-13 17:28:33+05	4	589b4889d9554093b3a5dd8e59f39b88
59	eyJhbGciOiJIUzI1NiIsInR5cCI6IkpXVCJ9.eyJ0b2tlbl90eXBlIjoicmVmcmVzaCIsImV4cCI6MTc2MDUyMDUyMSwiaWF0IjoxNzU5OTE1NzIxLCJqdGkiOiI2OWY2NDgwZTI3Yzc0OTdhYTY0OTNhZDYwMDVmMTNjNyIsInVzZXJfaWQiOjF9.tyD2YNf0PBuC8GBT8pSopEGIJoQaZIg400RxR6od2lA	2025-10-08 14:28:41.915542+05	2025-10-15 14:28:41+05	1	69f6480e27c7497aa6493ad6005f13c7
60	eyJhbGciOiJIUzI1NiIsInR5cCI6IkpXVCJ9.eyJ0b2tlbl90eXBlIjoicmVmcmVzaCIsImV4cCI6MTc2MDUyNjI0MSwiaWF0IjoxNzU5OTIxNDQxLCJqdGkiOiI5M2QwMzRlN2YwZGQ0MGYxOGYxYzc5M2JhYjg1OTdlOSIsInVzZXJfaWQiOjF9.f7M08YvKl9YBjRryECtP1HsRZkltPaXHANShOYXVW9g	2025-10-08 16:04:01.440075+05	2025-10-15 16:04:01+05	1	93d034e7f0dd40f18f1c793bab8597e9
61	eyJhbGciOiJIUzI1NiIsInR5cCI6IkpXVCJ9.eyJ0b2tlbl90eXBlIjoicmVmcmVzaCIsImV4cCI6MTc2MDUyODU2NCwiaWF0IjoxNzU5OTIzNzY0LCJqdGkiOiI3ZGIzNmJjYjhhODY0NGRiODZhYjdiNjQwMjg4MWQyNCIsInVzZXJfaWQiOjF9.EcnnwxT4_wmD46Sk2sKM46nJniFEhqCARTCfpgmCfWw	2025-10-08 16:42:44.400126+05	2025-10-15 16:42:44+05	1	7db36bcb8a8644db86ab7b6402881d24
62	eyJhbGciOiJIUzI1NiIsInR5cCI6IkpXVCJ9.eyJ0b2tlbl90eXBlIjoicmVmcmVzaCIsImV4cCI6MTc2MDUzMjE4NCwiaWF0IjoxNzU5OTI3Mzg0LCJqdGkiOiJhOGUyZjlhNmEzNGM0MGRmOTk4MmI5OTM1M2QxMzVmMyIsInVzZXJfaWQiOjF9.fTvO2jci4xfEuMhZWJVyP3w30vp4Dpch2FNXnT4h--Y	2025-10-08 17:43:04.838533+05	2025-10-15 17:43:04+05	1	a8e2f9a6a34c40df9982b99353d135f3
63	eyJhbGciOiJIUzI1NiIsInR5cCI6IkpXVCJ9.eyJ0b2tlbl90eXBlIjoicmVmcmVzaCIsImV4cCI6MTc2MDU5MzI2NiwiaWF0IjoxNzU5OTg4NDY2LCJqdGkiOiJlNjlmMzg3Y2FiNGI0NzBlYjVjZjM0N2NjZWFiZGY3YSIsInVzZXJfaWQiOjF9.J4ecbv6XYOZ16ycZx8QS0Oqc9D4ws866IP2mumK_anQ	2025-10-09 10:41:06.727535+05	2025-10-16 10:41:06+05	1	e69f387cab4b470eb5cf347cceabdf7a
64	eyJhbGciOiJIUzI1NiIsInR5cCI6IkpXVCJ9.eyJ0b2tlbl90eXBlIjoicmVmcmVzaCIsImV4cCI6MTc2MDU5NzIwOCwiaWF0IjoxNzU5OTkyNDA4LCJqdGkiOiI2M2YxM2NiODI2MDI0MTFhYWUwMmM5YTc0MzhhZmE5MiIsInVzZXJfaWQiOjF9.4F1j7KxEUd5yjafkd4EiAqTvj0nNCSnBw1OxmV2Dv7A	2025-10-09 11:46:48.279109+05	2025-10-16 11:46:48+05	1	63f13cb82602411aae02c9a7438afa92
65	eyJhbGciOiJIUzI1NiIsInR5cCI6IkpXVCJ9.eyJ0b2tlbl90eXBlIjoicmVmcmVzaCIsImV4cCI6MTc2MDYwMzA2OCwiaWF0IjoxNzU5OTk4MjY4LCJqdGkiOiI1YTJhZGMyYjk2YWE0Mzk4ODBhMDc0NWU2NzA1NDBhNCIsInVzZXJfaWQiOjF9.rY_6KnF5eVgSDhGP89DdN2hAaeV0pJU7aYaPghUJY70	2025-10-09 13:24:28.162065+05	2025-10-16 13:24:28+05	1	5a2adc2b96aa439880a0745e670540a4
66	eyJhbGciOiJIUzI1NiIsInR5cCI6IkpXVCJ9.eyJ0b2tlbl90eXBlIjoicmVmcmVzaCIsImV4cCI6MTc2MDYwNjY3MiwiaWF0IjoxNzYwMDAxODcyLCJqdGkiOiJjNjc0M2I3ZTA4YTM0Zjk2YWMyNjhkODA1YmQ3MjgyYSIsInVzZXJfaWQiOjF9.2weYiC0ZO-QM6EA0Fq5ZEBS86bWsZzipfGmbW6xGIVU	2025-10-09 14:24:32.090781+05	2025-10-16 14:24:32+05	1	c6743b7e08a34f96ac268d805bd7282a
67	eyJhbGciOiJIUzI1NiIsInR5cCI6IkpXVCJ9.eyJ0b2tlbl90eXBlIjoicmVmcmVzaCIsImV4cCI6MTc2MDYxMTM3OSwiaWF0IjoxNzYwMDA2NTc5LCJqdGkiOiJiNWM5ZWQ5MDcwM2Y0ODkyYTc0ZDZhNjVjYmJiMWJmYSIsInVzZXJfaWQiOjF9.0k3uOd8xqTOwK8YoJvDJRVMYeCCwVLINSYjh6TPFw40	2025-10-09 15:42:59.001138+05	2025-10-16 15:42:59+05	1	b5c9ed90703f4892a74d6a65cbbb1bfa
68	eyJhbGciOiJIUzI1NiIsInR5cCI6IkpXVCJ9.eyJ0b2tlbl90eXBlIjoicmVmcmVzaCIsImV4cCI6MTc2MDYxNTE3MCwiaWF0IjoxNzYwMDEwMzcwLCJqdGkiOiI1NzY0MzI2NzUwNWI0NTQyOTA5NTEzZTEwMTZjOTczYSIsInVzZXJfaWQiOjF9.3jATwJt5t2J_DT5F3OH6UcKs-bYzYwDVY9sVtolNW_E	2025-10-09 16:46:10.017312+05	2025-10-16 16:46:10+05	1	57643267505b4542909513e1016c973a
69	eyJhbGciOiJIUzI1NiIsInR5cCI6IkpXVCJ9.eyJ0b2tlbl90eXBlIjoicmVmcmVzaCIsImV4cCI6MTc2MDYxOTI1MSwiaWF0IjoxNzYwMDE0NDUxLCJqdGkiOiJjNDUxOGE0NDQ2ZjU0YmU3ODFmZWM1NTI4MjU2NWFjYiIsInVzZXJfaWQiOjF9.VPydA5Es6WVq3sZVrCS126ng-Nh0xhOtWInd6guX7o4	2025-10-09 17:54:11.292555+05	2025-10-16 17:54:11+05	1	c4518a4446f54be781fec55282565acb
70	eyJhbGciOiJIUzI1NiIsInR5cCI6IkpXVCJ9.eyJ0b2tlbl90eXBlIjoicmVmcmVzaCIsImV4cCI6MTc2MDY4MDM4OSwiaWF0IjoxNzYwMDc1NTg5LCJqdGkiOiIyYTA4YzcyN2VmZDM0Mjk5YWE4ZDhiNGU3ZWNkODY2YyIsInVzZXJfaWQiOjF9.AdRSlf9VRPJ0ptRehYh4TFyWSWV1SuqYKN9gHtFPxT4	2025-10-10 10:53:09.303952+05	2025-10-17 10:53:09+05	1	2a08c727efd34299aa8d8b4e7ecd866c
71	eyJhbGciOiJIUzI1NiIsInR5cCI6IkpXVCJ9.eyJ0b2tlbl90eXBlIjoicmVmcmVzaCIsImV4cCI6MTc2MDY4NDEwNSwiaWF0IjoxNzYwMDc5MzA1LCJqdGkiOiIxNzcxNjNmNWY0NGY0NzA2YThmMDM1MDFkMjI4N2RlZCIsInVzZXJfaWQiOjF9.LbUlnh4DVhQR2Y0X0dx7zgOs6e3x_Ci6oXKzaLrbcjA	2025-10-10 11:55:05.390985+05	2025-10-17 11:55:05+05	1	177163f5f44f4706a8f03501d2287ded
72	eyJhbGciOiJIUzI1NiIsInR5cCI6IkpXVCJ9.eyJ0b2tlbl90eXBlIjoicmVmcmVzaCIsImV4cCI6MTc2MDY5Mzg1OCwiaWF0IjoxNzYwMDg5MDU4LCJqdGkiOiJhMzdkNjUyOTEzOTI0Y2U0YTAwNGIxYmFmZjEwZmRiNCIsInVzZXJfaWQiOjF9.o70MDD5Id-HJQMBKdVQ1g_m4MI0LEV8jM6CNlwCS7VI	2025-10-10 14:37:38.397017+05	2025-10-17 14:37:38+05	1	a37d652913924ce4a004b1baff10fdb4
73	eyJhbGciOiJIUzI1NiIsInR5cCI6IkpXVCJ9.eyJ0b2tlbl90eXBlIjoicmVmcmVzaCIsImV4cCI6MTc2MDY5Njc0NCwiaWF0IjoxNzYwMDkxOTQ0LCJqdGkiOiIzNWU5MThkYmRlOWI0ZTlhOGQ1YWE2MGJjOGY1NTIxOCIsInVzZXJfaWQiOjF9.WakqLPXxMK3T6uQhnFiyc8Nz07iQlrhY8uxN60QWrew	2025-10-10 15:25:44.674868+05	2025-10-17 15:25:44+05	1	35e918dbde9b4e9a8d5aa60bc8f55218
74	eyJhbGciOiJIUzI1NiIsInR5cCI6IkpXVCJ9.eyJ0b2tlbl90eXBlIjoicmVmcmVzaCIsImV4cCI6MTc2MDY5NzUwNSwiaWF0IjoxNzYwMDkyNzA1LCJqdGkiOiJjODEyNzQ0NDVkY2Q0MzE5OWUyM2ZhZDJmYjYyZDFhOCIsInVzZXJfaWQiOjF9.eyGlJHr5v-VNdjTOKdE2Y66G7_hIFvJLrc20JmCRkT4	2025-10-10 15:38:25.394673+05	2025-10-17 15:38:25+05	1	c81274445dcd43199e23fad2fb62d1a8
75	eyJhbGciOiJIUzI1NiIsInR5cCI6IkpXVCJ9.eyJ0b2tlbl90eXBlIjoicmVmcmVzaCIsImV4cCI6MTc2MDcwMTEwNiwiaWF0IjoxNzYwMDk2MzA2LCJqdGkiOiI4Y2E3OTlhZmZhNTE0ZDQ2OTA5NzU4MTllYTg4ODMxMiIsInVzZXJfaWQiOjF9.1y8kaRoWrmDMmOiYMYzvZXEf_ySFq121TuDwVHLbfXs	2025-10-10 16:38:26.449429+05	2025-10-17 16:38:26+05	1	8ca799affa514d4690975819ea888312
76	eyJhbGciOiJIUzI1NiIsInR5cCI6IkpXVCJ9.eyJ0b2tlbl90eXBlIjoicmVmcmVzaCIsImV4cCI6MTc2MDkzODMwNywiaWF0IjoxNzYwMzMzNTA3LCJqdGkiOiIwYmVkMDBjZjdiMDU0N2JlOGFjMGE4NTI4NGNhYWJmOSIsInVzZXJfaWQiOjR9.EKSiSEMlxDrmBYix7gxIjmjqz8KQjQr79ZVltAQMYW8	2025-10-13 10:31:47.941171+05	2025-10-20 10:31:47+05	4	0bed00cf7b0547be8ac0a85284caabf9
77	eyJhbGciOiJIUzI1NiIsInR5cCI6IkpXVCJ9.eyJ0b2tlbl90eXBlIjoicmVmcmVzaCIsImV4cCI6MTc2MDk1MjY1NCwiaWF0IjoxNzYwMzQ3ODU0LCJqdGkiOiJmY2RiMjBhMWRiY2I0YTZlODhkMWUwYTc5MWZkMTQxMCIsInVzZXJfaWQiOjR9.hC-8qxWOQwEu5DWK6OAIndTfBXr81_G2K_YzxLHNKDk	2025-10-13 14:30:54.77734+05	2025-10-20 14:30:54+05	4	fcdb20a1dbcb4a6e88d1e0a791fd1410
78	eyJhbGciOiJIUzI1NiIsInR5cCI6IkpXVCJ9.eyJ0b2tlbl90eXBlIjoicmVmcmVzaCIsImV4cCI6MTc2MDk1NjMyMywiaWF0IjoxNzYwMzUxNTIzLCJqdGkiOiI4YWMxNjQ3YjJjZjQ0MjVlYmE4M2Q3NzhhOGNmNGYxYiIsInVzZXJfaWQiOjR9.yJ-P2azp4zRiSiyrUm7zLimpeS6SXD-lmsL4W3tJNEs	2025-10-13 15:32:03.783446+05	2025-10-20 15:32:03+05	4	8ac1647b2cf4425eba83d778a8cf4f1b
\.


--
-- Data for Name: transaction; Type: TABLE DATA; Schema: public; Owner: shakhriyor
--

COPY public.transaction (created_at, updated_at, id, amount, currency, status, provider, method, user_id) FROM stdin;
2025-10-08 16:38:02.72018+05	2025-10-08 17:16:09.207677+05	4	1000000.0000	uzs	completed	xazna	uzcard	1
2025-10-08 16:36:18.036719+05	2025-10-08 17:16:14.57264+05	1	10000.0000	uzs	failed	xazna	uzcard	1
\.


--
-- Data for Name: tts_audio_format; Type: TABLE DATA; Schema: public; Owner: shakhriyor
--

COPY public.tts_audio_format (id, created_at, updated_at, title, user_id) FROM stdin;
1	2025-09-25 15:43:40.616119+05	2025-09-25 15:43:40.61614+05	mp3	1
2	2025-09-25 15:43:43.916781+05	2025-09-25 15:43:43.916806+05	wav	1
3	2025-09-25 15:43:47.671554+05	2025-09-25 15:43:47.671577+05	ogg	1
4	2025-09-25 15:43:50.583312+05	2025-09-25 15:43:50.583329+05	flac	1
\.


--
-- Data for Name: tts_data; Type: TABLE DATA; Schema: public; Owner: shakhriyor
--

COPY public.tts_data (id, created_at, updated_at, text, emotion, model, format, audio_id, user_id) FROM stdin;
8c284b0a-5dc2-4101-acb8-3c7fa4abb3d9	2025-10-10 15:19:41.030172+05	2025-10-10 15:19:41.030175+05	Garovga oluvchining (kreditorning) talablarini qondirish uchun undiruvni qarzdor garov bilan taminlangan majburiyatni ozi javobgar bolgan vaziyatlarda bajarmagan yoki lozim darajada bajarmagan taqdirda garovga qoyilgan mol-mulkka qaratish mumkin	Neural	Surayyo	mp3	1dada15e-a21e-4d0e-b8e3-2e89d79d84f4	1
39bbba26-9a1f-4c38-8013-fe74d9d4390d	2025-10-13 14:32:38.344948+05	2025-10-13 14:32:38.344951+05	Garovga oluvchining (kreditorning) talablarini qondirish uchun undiruvni qarzdor garov bilan taminlangan majburiyatni ozi javobgar bolgan vaziyatlarda bajarmagan yoki lozim darajada bajarmagan taqdirda garovga qoyilgan mol-mulkka qaratish mumkin	Neural	Surayyo	mp3	776e306e-0fa0-45cd-9d02-22e7855528ae	4
a290815f-2e56-4a70-80f4-35635d82716d	2025-10-13 14:33:02.860118+05	2025-10-13 14:33:02.860121+05	Garovga oluvchining (kreditorning) talablarini qondirish uchun undiruvni qarzdor garov bilan taminlangan majburiyatni ozi javobgar bolgan vaziyatlarda bajarmagan yoki lozim darajada bajarmagan taqdirda garovga qoyilgan mol-mulkka qaratish mumkin	Neural	Surayyo	mp3	47029e10-9a4c-40f2-92bb-bd02efd0b7ac	4
679c5d89-70fd-4204-9f4e-e4f7302217b0	2025-10-13 15:44:31.444943+05	2025-10-13 15:44:31.444946+05	salom	Neural	Surayyo	mp3	beb874d9-f3e9-4498-bcd6-294076362a0c	4
\.


--
-- Data for Name: tts_emotion; Type: TABLE DATA; Schema: public; Owner: shakhriyor
--

COPY public.tts_emotion (id, created_at, updated_at, title, user_id) FROM stdin;
1	2025-09-25 15:43:20.719525+05	2025-09-25 15:43:20.719557+05	Neural	1
2	2025-09-25 15:43:24.827716+05	2025-09-25 15:43:24.827735+05	Happy	1
\.


--
-- Data for Name: tts_model; Type: TABLE DATA; Schema: public; Owner: shakhriyor
--

COPY public.tts_model (id, created_at, updated_at, title, credit, cash, user_id) FROM stdin;
1	2025-09-25 15:42:54.777815+05	2025-09-25 15:42:54.777833+05	Surayyo	0.0100	1.0000	1
2	2025-09-25 15:43:07.777712+05	2025-09-25 15:43:07.77774+05	Iroda	0.0050	0.5000	1
\.


--
-- Data for Name: user; Type: TABLE DATA; Schema: public; Owner: shakhriyor
--

COPY public."user" (id, password, email, first_name, last_name, role, is_active, is_blocked, is_deleted, regular_auth, google_auth, facebook_auth, created_at, last_password_update, last_login) FROM stdin;
4		shakhriyormamadaliev221199@gmail.com	Shakhriyor	Mamadaliev	user	t	f	f	f	t	f	2025-10-06 11:50:28.908025+05	\N	2025-10-13 10:31:47.119401+05
1	pbkdf2_sha256$870000$Vc0gb65Oq7uXiAbUEUpvr1$gl0wbpkcxynQguh2M9s8oVl4WRApz0P3kaLaspjN9Mc=	admin@gmail.com			superadmin	t	f	f	t	f	f	2025-09-25 11:18:51.368815+05	\N	2025-10-13 15:37:00.67749+05
\.


--
-- Data for Name: user_groups; Type: TABLE DATA; Schema: public; Owner: shakhriyor
--

COPY public.user_groups (id, customusermodel_id, group_id) FROM stdin;
\.


--
-- Data for Name: user_user_permissions; Type: TABLE DATA; Schema: public; Owner: shakhriyor
--

COPY public.user_user_permissions (id, customusermodel_id, permission_id) FROM stdin;
\.


--
-- Name: auth_group_id_seq; Type: SEQUENCE SET; Schema: public; Owner: shakhriyor
--

SELECT pg_catalog.setval('public.auth_group_id_seq', 1, false);


--
-- Name: auth_group_permissions_id_seq; Type: SEQUENCE SET; Schema: public; Owner: shakhriyor
--

SELECT pg_catalog.setval('public.auth_group_permissions_id_seq', 1, false);


--
-- Name: auth_permission_id_seq; Type: SEQUENCE SET; Schema: public; Owner: shakhriyor
--

SELECT pg_catalog.setval('public.auth_permission_id_seq', 120, true);


--
-- Name: balance_id_seq; Type: SEQUENCE SET; Schema: public; Owner: shakhriyor
--

SELECT pg_catalog.setval('public.balance_id_seq', 4, true);


--
-- Name: django_admin_log_id_seq; Type: SEQUENCE SET; Schema: public; Owner: shakhriyor
--

SELECT pg_catalog.setval('public.django_admin_log_id_seq', 1245, true);


--
-- Name: django_celery_beat_clockedschedule_id_seq; Type: SEQUENCE SET; Schema: public; Owner: shakhriyor
--

SELECT pg_catalog.setval('public.django_celery_beat_clockedschedule_id_seq', 1, false);


--
-- Name: django_celery_beat_crontabschedule_id_seq; Type: SEQUENCE SET; Schema: public; Owner: shakhriyor
--

SELECT pg_catalog.setval('public.django_celery_beat_crontabschedule_id_seq', 16, true);


--
-- Name: django_celery_beat_intervalschedule_id_seq; Type: SEQUENCE SET; Schema: public; Owner: shakhriyor
--

SELECT pg_catalog.setval('public.django_celery_beat_intervalschedule_id_seq', 1, false);


--
-- Name: django_celery_beat_periodictask_id_seq; Type: SEQUENCE SET; Schema: public; Owner: shakhriyor
--

SELECT pg_catalog.setval('public.django_celery_beat_periodictask_id_seq', 5, true);


--
-- Name: django_celery_beat_solarschedule_id_seq; Type: SEQUENCE SET; Schema: public; Owner: shakhriyor
--

SELECT pg_catalog.setval('public.django_celery_beat_solarschedule_id_seq', 1, false);


--
-- Name: django_content_type_id_seq; Type: SEQUENCE SET; Schema: public; Owner: shakhriyor
--

SELECT pg_catalog.setval('public.django_content_type_id_seq', 30, true);


--
-- Name: django_migrations_id_seq; Type: SEQUENCE SET; Schema: public; Owner: shakhriyor
--

SELECT pg_catalog.setval('public.django_migrations_id_seq', 92, true);


--
-- Name: finance_expensemodel_id_seq; Type: SEQUENCE SET; Schema: public; Owner: shakhriyor
--

SELECT pg_catalog.setval('public.finance_expensemodel_id_seq', 11, true);


--
-- Name: password_reset_token_id_seq; Type: SEQUENCE SET; Schema: public; Owner: shakhriyor
--

SELECT pg_catalog.setval('public.password_reset_token_id_seq', 1, false);


--
-- Name: picture_id_seq; Type: SEQUENCE SET; Schema: public; Owner: shakhriyor
--

SELECT pg_catalog.setval('public.picture_id_seq', 14, true);


--
-- Name: plan_id_seq; Type: SEQUENCE SET; Schema: public; Owner: shakhriyor
--

SELECT pg_catalog.setval('public.plan_id_seq', 6, true);


--
-- Name: social_accounts_id_seq; Type: SEQUENCE SET; Schema: public; Owner: shakhriyor
--

SELECT pg_catalog.setval('public.social_accounts_id_seq', 3, true);


--
-- Name: stt_model_id_seq; Type: SEQUENCE SET; Schema: public; Owner: shakhriyor
--

SELECT pg_catalog.setval('public.stt_model_id_seq', 2, true);


--
-- Name: subscription_id_seq; Type: SEQUENCE SET; Schema: public; Owner: shakhriyor
--

SELECT pg_catalog.setval('public.subscription_id_seq', 78, true);


--
-- Name: token_blacklist_blacklistedtoken_id_seq; Type: SEQUENCE SET; Schema: public; Owner: shakhriyor
--

SELECT pg_catalog.setval('public.token_blacklist_blacklistedtoken_id_seq', 55, true);


--
-- Name: token_blacklist_outstandingtoken_id_seq; Type: SEQUENCE SET; Schema: public; Owner: shakhriyor
--

SELECT pg_catalog.setval('public.token_blacklist_outstandingtoken_id_seq', 78, true);


--
-- Name: transaction_id_seq; Type: SEQUENCE SET; Schema: public; Owner: shakhriyor
--

SELECT pg_catalog.setval('public.transaction_id_seq', 5, true);


--
-- Name: tts_audio_format_id_seq; Type: SEQUENCE SET; Schema: public; Owner: shakhriyor
--

SELECT pg_catalog.setval('public.tts_audio_format_id_seq', 4, true);


--
-- Name: tts_emotion_id_seq; Type: SEQUENCE SET; Schema: public; Owner: shakhriyor
--

SELECT pg_catalog.setval('public.tts_emotion_id_seq', 2, true);


--
-- Name: tts_model_id_seq; Type: SEQUENCE SET; Schema: public; Owner: shakhriyor
--

SELECT pg_catalog.setval('public.tts_model_id_seq', 2, true);


--
-- Name: user_groups_id_seq; Type: SEQUENCE SET; Schema: public; Owner: shakhriyor
--

SELECT pg_catalog.setval('public.user_groups_id_seq', 1, false);


--
-- Name: user_id_seq; Type: SEQUENCE SET; Schema: public; Owner: shakhriyor
--

SELECT pg_catalog.setval('public.user_id_seq', 4, true);


--
-- Name: user_user_permissions_id_seq; Type: SEQUENCE SET; Schema: public; Owner: shakhriyor
--

SELECT pg_catalog.setval('public.user_user_permissions_id_seq', 1, false);


--
-- Name: audio audio_pkey; Type: CONSTRAINT; Schema: public; Owner: shakhriyor
--

ALTER TABLE ONLY public.audio
    ADD CONSTRAINT audio_pkey PRIMARY KEY (id);


--
-- Name: auth_group auth_group_name_key; Type: CONSTRAINT; Schema: public; Owner: shakhriyor
--

ALTER TABLE ONLY public.auth_group
    ADD CONSTRAINT auth_group_name_key UNIQUE (name);


--
-- Name: auth_group_permissions auth_group_permissions_group_id_permission_id_0cd325b0_uniq; Type: CONSTRAINT; Schema: public; Owner: shakhriyor
--

ALTER TABLE ONLY public.auth_group_permissions
    ADD CONSTRAINT auth_group_permissions_group_id_permission_id_0cd325b0_uniq UNIQUE (group_id, permission_id);


--
-- Name: auth_group_permissions auth_group_permissions_pkey; Type: CONSTRAINT; Schema: public; Owner: shakhriyor
--

ALTER TABLE ONLY public.auth_group_permissions
    ADD CONSTRAINT auth_group_permissions_pkey PRIMARY KEY (id);


--
-- Name: auth_group auth_group_pkey; Type: CONSTRAINT; Schema: public; Owner: shakhriyor
--

ALTER TABLE ONLY public.auth_group
    ADD CONSTRAINT auth_group_pkey PRIMARY KEY (id);


--
-- Name: auth_permission auth_permission_content_type_id_codename_01ab375a_uniq; Type: CONSTRAINT; Schema: public; Owner: shakhriyor
--

ALTER TABLE ONLY public.auth_permission
    ADD CONSTRAINT auth_permission_content_type_id_codename_01ab375a_uniq UNIQUE (content_type_id, codename);


--
-- Name: auth_permission auth_permission_pkey; Type: CONSTRAINT; Schema: public; Owner: shakhriyor
--

ALTER TABLE ONLY public.auth_permission
    ADD CONSTRAINT auth_permission_pkey PRIMARY KEY (id);


--
-- Name: balance balance_pkey; Type: CONSTRAINT; Schema: public; Owner: shakhriyor
--

ALTER TABLE ONLY public.balance
    ADD CONSTRAINT balance_pkey PRIMARY KEY (id);


--
-- Name: balance balance_subscription_id_key; Type: CONSTRAINT; Schema: public; Owner: shakhriyor
--

ALTER TABLE ONLY public.balance
    ADD CONSTRAINT balance_subscription_id_key UNIQUE (subscription_id);


--
-- Name: balance balance_user_id_key; Type: CONSTRAINT; Schema: public; Owner: shakhriyor
--

ALTER TABLE ONLY public.balance
    ADD CONSTRAINT balance_user_id_key UNIQUE (user_id);


--
-- Name: django_admin_log django_admin_log_pkey; Type: CONSTRAINT; Schema: public; Owner: shakhriyor
--

ALTER TABLE ONLY public.django_admin_log
    ADD CONSTRAINT django_admin_log_pkey PRIMARY KEY (id);


--
-- Name: django_celery_beat_clockedschedule django_celery_beat_clockedschedule_pkey; Type: CONSTRAINT; Schema: public; Owner: shakhriyor
--

ALTER TABLE ONLY public.django_celery_beat_clockedschedule
    ADD CONSTRAINT django_celery_beat_clockedschedule_pkey PRIMARY KEY (id);


--
-- Name: django_celery_beat_crontabschedule django_celery_beat_crontabschedule_pkey; Type: CONSTRAINT; Schema: public; Owner: shakhriyor
--

ALTER TABLE ONLY public.django_celery_beat_crontabschedule
    ADD CONSTRAINT django_celery_beat_crontabschedule_pkey PRIMARY KEY (id);


--
-- Name: django_celery_beat_intervalschedule django_celery_beat_intervalschedule_pkey; Type: CONSTRAINT; Schema: public; Owner: shakhriyor
--

ALTER TABLE ONLY public.django_celery_beat_intervalschedule
    ADD CONSTRAINT django_celery_beat_intervalschedule_pkey PRIMARY KEY (id);


--
-- Name: django_celery_beat_periodictask django_celery_beat_periodictask_name_key; Type: CONSTRAINT; Schema: public; Owner: shakhriyor
--

ALTER TABLE ONLY public.django_celery_beat_periodictask
    ADD CONSTRAINT django_celery_beat_periodictask_name_key UNIQUE (name);


--
-- Name: django_celery_beat_periodictask django_celery_beat_periodictask_pkey; Type: CONSTRAINT; Schema: public; Owner: shakhriyor
--

ALTER TABLE ONLY public.django_celery_beat_periodictask
    ADD CONSTRAINT django_celery_beat_periodictask_pkey PRIMARY KEY (id);


--
-- Name: django_celery_beat_periodictasks django_celery_beat_periodictasks_pkey; Type: CONSTRAINT; Schema: public; Owner: shakhriyor
--

ALTER TABLE ONLY public.django_celery_beat_periodictasks
    ADD CONSTRAINT django_celery_beat_periodictasks_pkey PRIMARY KEY (ident);


--
-- Name: django_celery_beat_solarschedule django_celery_beat_solar_event_latitude_longitude_ba64999a_uniq; Type: CONSTRAINT; Schema: public; Owner: shakhriyor
--

ALTER TABLE ONLY public.django_celery_beat_solarschedule
    ADD CONSTRAINT django_celery_beat_solar_event_latitude_longitude_ba64999a_uniq UNIQUE (event, latitude, longitude);


--
-- Name: django_celery_beat_solarschedule django_celery_beat_solarschedule_pkey; Type: CONSTRAINT; Schema: public; Owner: shakhriyor
--

ALTER TABLE ONLY public.django_celery_beat_solarschedule
    ADD CONSTRAINT django_celery_beat_solarschedule_pkey PRIMARY KEY (id);


--
-- Name: django_content_type django_content_type_app_label_model_76bd3d3b_uniq; Type: CONSTRAINT; Schema: public; Owner: shakhriyor
--

ALTER TABLE ONLY public.django_content_type
    ADD CONSTRAINT django_content_type_app_label_model_76bd3d3b_uniq UNIQUE (app_label, model);


--
-- Name: django_content_type django_content_type_pkey; Type: CONSTRAINT; Schema: public; Owner: shakhriyor
--

ALTER TABLE ONLY public.django_content_type
    ADD CONSTRAINT django_content_type_pkey PRIMARY KEY (id);


--
-- Name: django_migrations django_migrations_pkey; Type: CONSTRAINT; Schema: public; Owner: shakhriyor
--

ALTER TABLE ONLY public.django_migrations
    ADD CONSTRAINT django_migrations_pkey PRIMARY KEY (id);


--
-- Name: django_session django_session_pkey; Type: CONSTRAINT; Schema: public; Owner: shakhriyor
--

ALTER TABLE ONLY public.django_session
    ADD CONSTRAINT django_session_pkey PRIMARY KEY (session_key);


--
-- Name: email_otp email_otp_pkey; Type: CONSTRAINT; Schema: public; Owner: shakhriyor
--

ALTER TABLE ONLY public.email_otp
    ADD CONSTRAINT email_otp_pkey PRIMARY KEY (id);


--
-- Name: expense finance_expensemodel_pkey; Type: CONSTRAINT; Schema: public; Owner: shakhriyor
--

ALTER TABLE ONLY public.expense
    ADD CONSTRAINT finance_expensemodel_pkey PRIMARY KEY (id);


--
-- Name: password_reset_token password_reset_token_pkey; Type: CONSTRAINT; Schema: public; Owner: shakhriyor
--

ALTER TABLE ONLY public.password_reset_token
    ADD CONSTRAINT password_reset_token_pkey PRIMARY KEY (id);


--
-- Name: password_reset_token password_reset_token_slug_key; Type: CONSTRAINT; Schema: public; Owner: shakhriyor
--

ALTER TABLE ONLY public.password_reset_token
    ADD CONSTRAINT password_reset_token_slug_key UNIQUE (slug);


--
-- Name: password_reset_token password_reset_token_token_key; Type: CONSTRAINT; Schema: public; Owner: shakhriyor
--

ALTER TABLE ONLY public.password_reset_token
    ADD CONSTRAINT password_reset_token_token_key UNIQUE (token);


--
-- Name: picture picture_pkey; Type: CONSTRAINT; Schema: public; Owner: shakhriyor
--

ALTER TABLE ONLY public.picture
    ADD CONSTRAINT picture_pkey PRIMARY KEY (id);


--
-- Name: picture picture_user_id_key; Type: CONSTRAINT; Schema: public; Owner: shakhriyor
--

ALTER TABLE ONLY public.picture
    ADD CONSTRAINT picture_user_id_key UNIQUE (user_id);


--
-- Name: plan plan_pkey; Type: CONSTRAINT; Schema: public; Owner: shakhriyor
--

ALTER TABLE ONLY public.plan
    ADD CONSTRAINT plan_pkey PRIMARY KEY (id);


--
-- Name: plan plan_title_key; Type: CONSTRAINT; Schema: public; Owner: shakhriyor
--

ALTER TABLE ONLY public.plan
    ADD CONSTRAINT plan_title_key UNIQUE (title);


--
-- Name: social_accounts social_accounts_pkey; Type: CONSTRAINT; Schema: public; Owner: shakhriyor
--

ALTER TABLE ONLY public.social_accounts
    ADD CONSTRAINT social_accounts_pkey PRIMARY KEY (id);


--
-- Name: social_accounts social_accounts_provider_provider_user_id_62cd7545_uniq; Type: CONSTRAINT; Schema: public; Owner: shakhriyor
--

ALTER TABLE ONLY public.social_accounts
    ADD CONSTRAINT social_accounts_provider_provider_user_id_62cd7545_uniq UNIQUE (provider, provider_user_id);


--
-- Name: stt_data stt_data_audio_id_key; Type: CONSTRAINT; Schema: public; Owner: shakhriyor
--

ALTER TABLE ONLY public.stt_data
    ADD CONSTRAINT stt_data_audio_id_key UNIQUE (audio_id);


--
-- Name: stt_data stt_data_pkey; Type: CONSTRAINT; Schema: public; Owner: shakhriyor
--

ALTER TABLE ONLY public.stt_data
    ADD CONSTRAINT stt_data_pkey PRIMARY KEY (id);


--
-- Name: stt_model stt_model_pkey; Type: CONSTRAINT; Schema: public; Owner: shakhriyor
--

ALTER TABLE ONLY public.stt_model
    ADD CONSTRAINT stt_model_pkey PRIMARY KEY (id);


--
-- Name: stt_model stt_model_title_key; Type: CONSTRAINT; Schema: public; Owner: shakhriyor
--

ALTER TABLE ONLY public.stt_model
    ADD CONSTRAINT stt_model_title_key UNIQUE (title);


--
-- Name: subscription subscription_pkey; Type: CONSTRAINT; Schema: public; Owner: shakhriyor
--

ALTER TABLE ONLY public.subscription
    ADD CONSTRAINT subscription_pkey PRIMARY KEY (id);


--
-- Name: token_blacklist_blacklistedtoken token_blacklist_blacklistedtoken_pkey; Type: CONSTRAINT; Schema: public; Owner: shakhriyor
--

ALTER TABLE ONLY public.token_blacklist_blacklistedtoken
    ADD CONSTRAINT token_blacklist_blacklistedtoken_pkey PRIMARY KEY (id);


--
-- Name: token_blacklist_blacklistedtoken token_blacklist_blacklistedtoken_token_id_key; Type: CONSTRAINT; Schema: public; Owner: shakhriyor
--

ALTER TABLE ONLY public.token_blacklist_blacklistedtoken
    ADD CONSTRAINT token_blacklist_blacklistedtoken_token_id_key UNIQUE (token_id);


--
-- Name: token_blacklist_outstandingtoken token_blacklist_outstandingtoken_jti_hex_d9bdf6f7_uniq; Type: CONSTRAINT; Schema: public; Owner: shakhriyor
--

ALTER TABLE ONLY public.token_blacklist_outstandingtoken
    ADD CONSTRAINT token_blacklist_outstandingtoken_jti_hex_d9bdf6f7_uniq UNIQUE (jti);


--
-- Name: token_blacklist_outstandingtoken token_blacklist_outstandingtoken_pkey; Type: CONSTRAINT; Schema: public; Owner: shakhriyor
--

ALTER TABLE ONLY public.token_blacklist_outstandingtoken
    ADD CONSTRAINT token_blacklist_outstandingtoken_pkey PRIMARY KEY (id);


--
-- Name: transaction transaction_pkey; Type: CONSTRAINT; Schema: public; Owner: shakhriyor
--

ALTER TABLE ONLY public.transaction
    ADD CONSTRAINT transaction_pkey PRIMARY KEY (id);


--
-- Name: tts_audio_format tts_audio_format_pkey; Type: CONSTRAINT; Schema: public; Owner: shakhriyor
--

ALTER TABLE ONLY public.tts_audio_format
    ADD CONSTRAINT tts_audio_format_pkey PRIMARY KEY (id);


--
-- Name: tts_audio_format tts_audio_format_title_key; Type: CONSTRAINT; Schema: public; Owner: shakhriyor
--

ALTER TABLE ONLY public.tts_audio_format
    ADD CONSTRAINT tts_audio_format_title_key UNIQUE (title);


--
-- Name: tts_data tts_data_audio_id_key; Type: CONSTRAINT; Schema: public; Owner: shakhriyor
--

ALTER TABLE ONLY public.tts_data
    ADD CONSTRAINT tts_data_audio_id_key UNIQUE (audio_id);


--
-- Name: tts_data tts_data_pkey; Type: CONSTRAINT; Schema: public; Owner: shakhriyor
--

ALTER TABLE ONLY public.tts_data
    ADD CONSTRAINT tts_data_pkey PRIMARY KEY (id);


--
-- Name: tts_emotion tts_emotion_pkey; Type: CONSTRAINT; Schema: public; Owner: shakhriyor
--

ALTER TABLE ONLY public.tts_emotion
    ADD CONSTRAINT tts_emotion_pkey PRIMARY KEY (id);


--
-- Name: tts_emotion tts_emotion_title_key; Type: CONSTRAINT; Schema: public; Owner: shakhriyor
--

ALTER TABLE ONLY public.tts_emotion
    ADD CONSTRAINT tts_emotion_title_key UNIQUE (title);


--
-- Name: tts_model tts_model_pkey; Type: CONSTRAINT; Schema: public; Owner: shakhriyor
--

ALTER TABLE ONLY public.tts_model
    ADD CONSTRAINT tts_model_pkey PRIMARY KEY (id);


--
-- Name: tts_model tts_model_title_key; Type: CONSTRAINT; Schema: public; Owner: shakhriyor
--

ALTER TABLE ONLY public.tts_model
    ADD CONSTRAINT tts_model_title_key UNIQUE (title);


--
-- Name: user user_email_key; Type: CONSTRAINT; Schema: public; Owner: shakhriyor
--

ALTER TABLE ONLY public."user"
    ADD CONSTRAINT user_email_key UNIQUE (email);


--
-- Name: user_groups user_groups_customusermodel_id_group_id_ba5ee392_uniq; Type: CONSTRAINT; Schema: public; Owner: shakhriyor
--

ALTER TABLE ONLY public.user_groups
    ADD CONSTRAINT user_groups_customusermodel_id_group_id_ba5ee392_uniq UNIQUE (customusermodel_id, group_id);


--
-- Name: user_groups user_groups_pkey; Type: CONSTRAINT; Schema: public; Owner: shakhriyor
--

ALTER TABLE ONLY public.user_groups
    ADD CONSTRAINT user_groups_pkey PRIMARY KEY (id);


--
-- Name: user user_pkey; Type: CONSTRAINT; Schema: public; Owner: shakhriyor
--

ALTER TABLE ONLY public."user"
    ADD CONSTRAINT user_pkey PRIMARY KEY (id);


--
-- Name: user_user_permissions user_user_permissions_customusermodel_id_permi_197ce5d4_uniq; Type: CONSTRAINT; Schema: public; Owner: shakhriyor
--

ALTER TABLE ONLY public.user_user_permissions
    ADD CONSTRAINT user_user_permissions_customusermodel_id_permi_197ce5d4_uniq UNIQUE (customusermodel_id, permission_id);


--
-- Name: user_user_permissions user_user_permissions_pkey; Type: CONSTRAINT; Schema: public; Owner: shakhriyor
--

ALTER TABLE ONLY public.user_user_permissions
    ADD CONSTRAINT user_user_permissions_pkey PRIMARY KEY (id);


--
-- Name: audio_id_d49ff6d4_like; Type: INDEX; Schema: public; Owner: shakhriyor
--

CREATE INDEX audio_id_d49ff6d4_like ON public.audio USING btree (id varchar_pattern_ops);


--
-- Name: audio_user_id_95d3a379; Type: INDEX; Schema: public; Owner: shakhriyor
--

CREATE INDEX audio_user_id_95d3a379 ON public.audio USING btree (user_id);


--
-- Name: auth_group_name_a6ea08ec_like; Type: INDEX; Schema: public; Owner: shakhriyor
--

CREATE INDEX auth_group_name_a6ea08ec_like ON public.auth_group USING btree (name varchar_pattern_ops);


--
-- Name: auth_group_permissions_group_id_b120cbf9; Type: INDEX; Schema: public; Owner: shakhriyor
--

CREATE INDEX auth_group_permissions_group_id_b120cbf9 ON public.auth_group_permissions USING btree (group_id);


--
-- Name: auth_group_permissions_permission_id_84c5c92e; Type: INDEX; Schema: public; Owner: shakhriyor
--

CREATE INDEX auth_group_permissions_permission_id_84c5c92e ON public.auth_group_permissions USING btree (permission_id);


--
-- Name: auth_permission_content_type_id_2f476e4b; Type: INDEX; Schema: public; Owner: shakhriyor
--

CREATE INDEX auth_permission_content_type_id_2f476e4b ON public.auth_permission USING btree (content_type_id);


--
-- Name: django_admin_log_content_type_id_c4bce8eb; Type: INDEX; Schema: public; Owner: shakhriyor
--

CREATE INDEX django_admin_log_content_type_id_c4bce8eb ON public.django_admin_log USING btree (content_type_id);


--
-- Name: django_admin_log_user_id_c564eba6; Type: INDEX; Schema: public; Owner: shakhriyor
--

CREATE INDEX django_admin_log_user_id_c564eba6 ON public.django_admin_log USING btree (user_id);


--
-- Name: django_celery_beat_periodictask_clocked_id_47a69f82; Type: INDEX; Schema: public; Owner: shakhriyor
--

CREATE INDEX django_celery_beat_periodictask_clocked_id_47a69f82 ON public.django_celery_beat_periodictask USING btree (clocked_id);


--
-- Name: django_celery_beat_periodictask_crontab_id_d3cba168; Type: INDEX; Schema: public; Owner: shakhriyor
--

CREATE INDEX django_celery_beat_periodictask_crontab_id_d3cba168 ON public.django_celery_beat_periodictask USING btree (crontab_id);


--
-- Name: django_celery_beat_periodictask_interval_id_a8ca27da; Type: INDEX; Schema: public; Owner: shakhriyor
--

CREATE INDEX django_celery_beat_periodictask_interval_id_a8ca27da ON public.django_celery_beat_periodictask USING btree (interval_id);


--
-- Name: django_celery_beat_periodictask_name_265a36b7_like; Type: INDEX; Schema: public; Owner: shakhriyor
--

CREATE INDEX django_celery_beat_periodictask_name_265a36b7_like ON public.django_celery_beat_periodictask USING btree (name varchar_pattern_ops);


--
-- Name: django_celery_beat_periodictask_solar_id_a87ce72c; Type: INDEX; Schema: public; Owner: shakhriyor
--

CREATE INDEX django_celery_beat_periodictask_solar_id_a87ce72c ON public.django_celery_beat_periodictask USING btree (solar_id);


--
-- Name: django_session_expire_date_a5c62663; Type: INDEX; Schema: public; Owner: shakhriyor
--

CREATE INDEX django_session_expire_date_a5c62663 ON public.django_session USING btree (expire_date);


--
-- Name: django_session_session_key_c0390e0f_like; Type: INDEX; Schema: public; Owner: shakhriyor
--

CREATE INDEX django_session_session_key_c0390e0f_like ON public.django_session USING btree (session_key varchar_pattern_ops);


--
-- Name: email_otp_id_ec4df29b_like; Type: INDEX; Schema: public; Owner: shakhriyor
--

CREATE INDEX email_otp_id_ec4df29b_like ON public.email_otp USING btree (id varchar_pattern_ops);


--
-- Name: email_otp_user_id_bc8eae1a; Type: INDEX; Schema: public; Owner: shakhriyor
--

CREATE INDEX email_otp_user_id_bc8eae1a ON public.email_otp USING btree (user_id);


--
-- Name: finance_expensemodel_stt_id_16cee53b; Type: INDEX; Schema: public; Owner: shakhriyor
--

CREATE INDEX finance_expensemodel_stt_id_16cee53b ON public.expense USING btree (stt_id);


--
-- Name: finance_expensemodel_stt_id_16cee53b_like; Type: INDEX; Schema: public; Owner: shakhriyor
--

CREATE INDEX finance_expensemodel_stt_id_16cee53b_like ON public.expense USING btree (stt_id varchar_pattern_ops);


--
-- Name: finance_expensemodel_tts_id_dbfef3c2; Type: INDEX; Schema: public; Owner: shakhriyor
--

CREATE INDEX finance_expensemodel_tts_id_dbfef3c2 ON public.expense USING btree (tts_id);


--
-- Name: finance_expensemodel_tts_id_dbfef3c2_like; Type: INDEX; Schema: public; Owner: shakhriyor
--

CREATE INDEX finance_expensemodel_tts_id_dbfef3c2_like ON public.expense USING btree (tts_id varchar_pattern_ops);


--
-- Name: finance_expensemodel_user_id_c86a13ee; Type: INDEX; Schema: public; Owner: shakhriyor
--

CREATE INDEX finance_expensemodel_user_id_c86a13ee ON public.expense USING btree (user_id);


--
-- Name: password_reset_token_slug_6e08a415_like; Type: INDEX; Schema: public; Owner: shakhriyor
--

CREATE INDEX password_reset_token_slug_6e08a415_like ON public.password_reset_token USING btree (slug varchar_pattern_ops);


--
-- Name: password_reset_token_token_726789e4_like; Type: INDEX; Schema: public; Owner: shakhriyor
--

CREATE INDEX password_reset_token_token_726789e4_like ON public.password_reset_token USING btree (token varchar_pattern_ops);


--
-- Name: password_reset_token_user_id_4982bbf6; Type: INDEX; Schema: public; Owner: shakhriyor
--

CREATE INDEX password_reset_token_user_id_4982bbf6 ON public.password_reset_token USING btree (user_id);


--
-- Name: plan_title_9908f610_like; Type: INDEX; Schema: public; Owner: shakhriyor
--

CREATE INDEX plan_title_9908f610_like ON public.plan USING btree (title varchar_pattern_ops);


--
-- Name: plan_user_id_89cc558b; Type: INDEX; Schema: public; Owner: shakhriyor
--

CREATE INDEX plan_user_id_89cc558b ON public.plan USING btree (user_id);


--
-- Name: social_accounts_provider_user_id_9e619187; Type: INDEX; Schema: public; Owner: shakhriyor
--

CREATE INDEX social_accounts_provider_user_id_9e619187 ON public.social_accounts USING btree (provider_user_id);


--
-- Name: social_accounts_provider_user_id_9e619187_like; Type: INDEX; Schema: public; Owner: shakhriyor
--

CREATE INDEX social_accounts_provider_user_id_9e619187_like ON public.social_accounts USING btree (provider_user_id varchar_pattern_ops);


--
-- Name: social_accounts_user_id_2b7b8b2b; Type: INDEX; Schema: public; Owner: shakhriyor
--

CREATE INDEX social_accounts_user_id_2b7b8b2b ON public.social_accounts USING btree (user_id);


--
-- Name: stt_data_audio_id_24dcc99d_like; Type: INDEX; Schema: public; Owner: shakhriyor
--

CREATE INDEX stt_data_audio_id_24dcc99d_like ON public.stt_data USING btree (audio_id varchar_pattern_ops);


--
-- Name: stt_data_id_a2b1f621_like; Type: INDEX; Schema: public; Owner: shakhriyor
--

CREATE INDEX stt_data_id_a2b1f621_like ON public.stt_data USING btree (id varchar_pattern_ops);


--
-- Name: stt_data_user_id_94105947; Type: INDEX; Schema: public; Owner: shakhriyor
--

CREATE INDEX stt_data_user_id_94105947 ON public.stt_data USING btree (user_id);


--
-- Name: stt_model_title_d294cb6c_like; Type: INDEX; Schema: public; Owner: shakhriyor
--

CREATE INDEX stt_model_title_d294cb6c_like ON public.stt_model USING btree (title varchar_pattern_ops);


--
-- Name: stt_model_user_id_636408f0; Type: INDEX; Schema: public; Owner: shakhriyor
--

CREATE INDEX stt_model_user_id_636408f0 ON public.stt_model USING btree (user_id);


--
-- Name: subscription_user_id_856cd8e2; Type: INDEX; Schema: public; Owner: shakhriyor
--

CREATE INDEX subscription_user_id_856cd8e2 ON public.subscription USING btree (user_id);


--
-- Name: token_blacklist_outstandingtoken_jti_hex_d9bdf6f7_like; Type: INDEX; Schema: public; Owner: shakhriyor
--

CREATE INDEX token_blacklist_outstandingtoken_jti_hex_d9bdf6f7_like ON public.token_blacklist_outstandingtoken USING btree (jti varchar_pattern_ops);


--
-- Name: token_blacklist_outstandingtoken_user_id_83bc629a; Type: INDEX; Schema: public; Owner: shakhriyor
--

CREATE INDEX token_blacklist_outstandingtoken_user_id_83bc629a ON public.token_blacklist_outstandingtoken USING btree (user_id);


--
-- Name: transaction_user_id_9325d454; Type: INDEX; Schema: public; Owner: shakhriyor
--

CREATE INDEX transaction_user_id_9325d454 ON public.transaction USING btree (user_id);


--
-- Name: tts_audio_format_title_21cfc249_like; Type: INDEX; Schema: public; Owner: shakhriyor
--

CREATE INDEX tts_audio_format_title_21cfc249_like ON public.tts_audio_format USING btree (title varchar_pattern_ops);


--
-- Name: tts_audio_format_user_id_c61c3121; Type: INDEX; Schema: public; Owner: shakhriyor
--

CREATE INDEX tts_audio_format_user_id_c61c3121 ON public.tts_audio_format USING btree (user_id);


--
-- Name: tts_data_audio_id_884845b4_like; Type: INDEX; Schema: public; Owner: shakhriyor
--

CREATE INDEX tts_data_audio_id_884845b4_like ON public.tts_data USING btree (audio_id varchar_pattern_ops);


--
-- Name: tts_data_user_id_b0262522; Type: INDEX; Schema: public; Owner: shakhriyor
--

CREATE INDEX tts_data_user_id_b0262522 ON public.tts_data USING btree (user_id);


--
-- Name: tts_emotion_title_b60ae35c_like; Type: INDEX; Schema: public; Owner: shakhriyor
--

CREATE INDEX tts_emotion_title_b60ae35c_like ON public.tts_emotion USING btree (title varchar_pattern_ops);


--
-- Name: tts_emotion_user_id_0a4273c5; Type: INDEX; Schema: public; Owner: shakhriyor
--

CREATE INDEX tts_emotion_user_id_0a4273c5 ON public.tts_emotion USING btree (user_id);


--
-- Name: tts_model_title_db2ebb4c_like; Type: INDEX; Schema: public; Owner: shakhriyor
--

CREATE INDEX tts_model_title_db2ebb4c_like ON public.tts_model USING btree (title varchar_pattern_ops);


--
-- Name: tts_model_user_id_4c145dda; Type: INDEX; Schema: public; Owner: shakhriyor
--

CREATE INDEX tts_model_user_id_4c145dda ON public.tts_model USING btree (user_id);


--
-- Name: user_email_54dc62b2_like; Type: INDEX; Schema: public; Owner: shakhriyor
--

CREATE INDEX user_email_54dc62b2_like ON public."user" USING btree (email varchar_pattern_ops);


--
-- Name: user_groups_customusermodel_id_89862d4b; Type: INDEX; Schema: public; Owner: shakhriyor
--

CREATE INDEX user_groups_customusermodel_id_89862d4b ON public.user_groups USING btree (customusermodel_id);


--
-- Name: user_groups_group_id_b76f8aba; Type: INDEX; Schema: public; Owner: shakhriyor
--

CREATE INDEX user_groups_group_id_b76f8aba ON public.user_groups USING btree (group_id);


--
-- Name: user_user_permissions_customusermodel_id_f7308fb3; Type: INDEX; Schema: public; Owner: shakhriyor
--

CREATE INDEX user_user_permissions_customusermodel_id_f7308fb3 ON public.user_user_permissions USING btree (customusermodel_id);


--
-- Name: user_user_permissions_permission_id_9deb68a3; Type: INDEX; Schema: public; Owner: shakhriyor
--

CREATE INDEX user_user_permissions_permission_id_9deb68a3 ON public.user_user_permissions USING btree (permission_id);


--
-- Name: audio audio_user_id_95d3a379_fk_user_id; Type: FK CONSTRAINT; Schema: public; Owner: shakhriyor
--

ALTER TABLE ONLY public.audio
    ADD CONSTRAINT audio_user_id_95d3a379_fk_user_id FOREIGN KEY (user_id) REFERENCES public."user"(id) DEFERRABLE INITIALLY DEFERRED;


--
-- Name: auth_group_permissions auth_group_permissio_permission_id_84c5c92e_fk_auth_perm; Type: FK CONSTRAINT; Schema: public; Owner: shakhriyor
--

ALTER TABLE ONLY public.auth_group_permissions
    ADD CONSTRAINT auth_group_permissio_permission_id_84c5c92e_fk_auth_perm FOREIGN KEY (permission_id) REFERENCES public.auth_permission(id) DEFERRABLE INITIALLY DEFERRED;


--
-- Name: auth_group_permissions auth_group_permissions_group_id_b120cbf9_fk_auth_group_id; Type: FK CONSTRAINT; Schema: public; Owner: shakhriyor
--

ALTER TABLE ONLY public.auth_group_permissions
    ADD CONSTRAINT auth_group_permissions_group_id_b120cbf9_fk_auth_group_id FOREIGN KEY (group_id) REFERENCES public.auth_group(id) DEFERRABLE INITIALLY DEFERRED;


--
-- Name: auth_permission auth_permission_content_type_id_2f476e4b_fk_django_co; Type: FK CONSTRAINT; Schema: public; Owner: shakhriyor
--

ALTER TABLE ONLY public.auth_permission
    ADD CONSTRAINT auth_permission_content_type_id_2f476e4b_fk_django_co FOREIGN KEY (content_type_id) REFERENCES public.django_content_type(id) DEFERRABLE INITIALLY DEFERRED;


--
-- Name: balance balance_subscription_id_5e9fec1d_fk_subscription_id; Type: FK CONSTRAINT; Schema: public; Owner: shakhriyor
--

ALTER TABLE ONLY public.balance
    ADD CONSTRAINT balance_subscription_id_5e9fec1d_fk_subscription_id FOREIGN KEY (subscription_id) REFERENCES public.subscription(id) DEFERRABLE INITIALLY DEFERRED;


--
-- Name: balance balance_user_id_43e21100_fk_user_id; Type: FK CONSTRAINT; Schema: public; Owner: shakhriyor
--

ALTER TABLE ONLY public.balance
    ADD CONSTRAINT balance_user_id_43e21100_fk_user_id FOREIGN KEY (user_id) REFERENCES public."user"(id) DEFERRABLE INITIALLY DEFERRED;


--
-- Name: django_admin_log django_admin_log_content_type_id_c4bce8eb_fk_django_co; Type: FK CONSTRAINT; Schema: public; Owner: shakhriyor
--

ALTER TABLE ONLY public.django_admin_log
    ADD CONSTRAINT django_admin_log_content_type_id_c4bce8eb_fk_django_co FOREIGN KEY (content_type_id) REFERENCES public.django_content_type(id) DEFERRABLE INITIALLY DEFERRED;


--
-- Name: django_admin_log django_admin_log_user_id_c564eba6_fk_user_id; Type: FK CONSTRAINT; Schema: public; Owner: shakhriyor
--

ALTER TABLE ONLY public.django_admin_log
    ADD CONSTRAINT django_admin_log_user_id_c564eba6_fk_user_id FOREIGN KEY (user_id) REFERENCES public."user"(id) DEFERRABLE INITIALLY DEFERRED;


--
-- Name: django_celery_beat_periodictask django_celery_beat_p_clocked_id_47a69f82_fk_django_ce; Type: FK CONSTRAINT; Schema: public; Owner: shakhriyor
--

ALTER TABLE ONLY public.django_celery_beat_periodictask
    ADD CONSTRAINT django_celery_beat_p_clocked_id_47a69f82_fk_django_ce FOREIGN KEY (clocked_id) REFERENCES public.django_celery_beat_clockedschedule(id) DEFERRABLE INITIALLY DEFERRED;


--
-- Name: django_celery_beat_periodictask django_celery_beat_p_crontab_id_d3cba168_fk_django_ce; Type: FK CONSTRAINT; Schema: public; Owner: shakhriyor
--

ALTER TABLE ONLY public.django_celery_beat_periodictask
    ADD CONSTRAINT django_celery_beat_p_crontab_id_d3cba168_fk_django_ce FOREIGN KEY (crontab_id) REFERENCES public.django_celery_beat_crontabschedule(id) DEFERRABLE INITIALLY DEFERRED;


--
-- Name: django_celery_beat_periodictask django_celery_beat_p_interval_id_a8ca27da_fk_django_ce; Type: FK CONSTRAINT; Schema: public; Owner: shakhriyor
--

ALTER TABLE ONLY public.django_celery_beat_periodictask
    ADD CONSTRAINT django_celery_beat_p_interval_id_a8ca27da_fk_django_ce FOREIGN KEY (interval_id) REFERENCES public.django_celery_beat_intervalschedule(id) DEFERRABLE INITIALLY DEFERRED;


--
-- Name: django_celery_beat_periodictask django_celery_beat_p_solar_id_a87ce72c_fk_django_ce; Type: FK CONSTRAINT; Schema: public; Owner: shakhriyor
--

ALTER TABLE ONLY public.django_celery_beat_periodictask
    ADD CONSTRAINT django_celery_beat_p_solar_id_a87ce72c_fk_django_ce FOREIGN KEY (solar_id) REFERENCES public.django_celery_beat_solarschedule(id) DEFERRABLE INITIALLY DEFERRED;


--
-- Name: email_otp email_otp_user_id_bc8eae1a_fk_user_id; Type: FK CONSTRAINT; Schema: public; Owner: shakhriyor
--

ALTER TABLE ONLY public.email_otp
    ADD CONSTRAINT email_otp_user_id_bc8eae1a_fk_user_id FOREIGN KEY (user_id) REFERENCES public."user"(id) DEFERRABLE INITIALLY DEFERRED;


--
-- Name: expense finance_expensemodel_stt_id_16cee53b_fk_stt_data_id; Type: FK CONSTRAINT; Schema: public; Owner: shakhriyor
--

ALTER TABLE ONLY public.expense
    ADD CONSTRAINT finance_expensemodel_stt_id_16cee53b_fk_stt_data_id FOREIGN KEY (stt_id) REFERENCES public.stt_data(id) DEFERRABLE INITIALLY DEFERRED;


--
-- Name: expense finance_expensemodel_tts_id_dbfef3c2_fk_tts_data_id; Type: FK CONSTRAINT; Schema: public; Owner: shakhriyor
--

ALTER TABLE ONLY public.expense
    ADD CONSTRAINT finance_expensemodel_tts_id_dbfef3c2_fk_tts_data_id FOREIGN KEY (tts_id) REFERENCES public.tts_data(id) DEFERRABLE INITIALLY DEFERRED;


--
-- Name: expense finance_expensemodel_user_id_c86a13ee_fk_user_id; Type: FK CONSTRAINT; Schema: public; Owner: shakhriyor
--

ALTER TABLE ONLY public.expense
    ADD CONSTRAINT finance_expensemodel_user_id_c86a13ee_fk_user_id FOREIGN KEY (user_id) REFERENCES public."user"(id) DEFERRABLE INITIALLY DEFERRED;


--
-- Name: password_reset_token password_reset_token_user_id_4982bbf6_fk_user_id; Type: FK CONSTRAINT; Schema: public; Owner: shakhriyor
--

ALTER TABLE ONLY public.password_reset_token
    ADD CONSTRAINT password_reset_token_user_id_4982bbf6_fk_user_id FOREIGN KEY (user_id) REFERENCES public."user"(id) DEFERRABLE INITIALLY DEFERRED;


--
-- Name: picture picture_user_id_9968efc2_fk_user_id; Type: FK CONSTRAINT; Schema: public; Owner: shakhriyor
--

ALTER TABLE ONLY public.picture
    ADD CONSTRAINT picture_user_id_9968efc2_fk_user_id FOREIGN KEY (user_id) REFERENCES public."user"(id) DEFERRABLE INITIALLY DEFERRED;


--
-- Name: plan plan_user_id_89cc558b_fk_user_id; Type: FK CONSTRAINT; Schema: public; Owner: shakhriyor
--

ALTER TABLE ONLY public.plan
    ADD CONSTRAINT plan_user_id_89cc558b_fk_user_id FOREIGN KEY (user_id) REFERENCES public."user"(id) DEFERRABLE INITIALLY DEFERRED;


--
-- Name: social_accounts social_accounts_user_id_2b7b8b2b_fk_user_id; Type: FK CONSTRAINT; Schema: public; Owner: shakhriyor
--

ALTER TABLE ONLY public.social_accounts
    ADD CONSTRAINT social_accounts_user_id_2b7b8b2b_fk_user_id FOREIGN KEY (user_id) REFERENCES public."user"(id) DEFERRABLE INITIALLY DEFERRED;


--
-- Name: stt_data stt_data_audio_id_24dcc99d_fk_audio_id; Type: FK CONSTRAINT; Schema: public; Owner: shakhriyor
--

ALTER TABLE ONLY public.stt_data
    ADD CONSTRAINT stt_data_audio_id_24dcc99d_fk_audio_id FOREIGN KEY (audio_id) REFERENCES public.audio(id) DEFERRABLE INITIALLY DEFERRED;


--
-- Name: stt_data stt_data_user_id_94105947_fk_user_id; Type: FK CONSTRAINT; Schema: public; Owner: shakhriyor
--

ALTER TABLE ONLY public.stt_data
    ADD CONSTRAINT stt_data_user_id_94105947_fk_user_id FOREIGN KEY (user_id) REFERENCES public."user"(id) DEFERRABLE INITIALLY DEFERRED;


--
-- Name: stt_model stt_model_user_id_636408f0_fk_user_id; Type: FK CONSTRAINT; Schema: public; Owner: shakhriyor
--

ALTER TABLE ONLY public.stt_model
    ADD CONSTRAINT stt_model_user_id_636408f0_fk_user_id FOREIGN KEY (user_id) REFERENCES public."user"(id) DEFERRABLE INITIALLY DEFERRED;


--
-- Name: subscription subscription_user_id_856cd8e2_fk_user_id; Type: FK CONSTRAINT; Schema: public; Owner: shakhriyor
--

ALTER TABLE ONLY public.subscription
    ADD CONSTRAINT subscription_user_id_856cd8e2_fk_user_id FOREIGN KEY (user_id) REFERENCES public."user"(id) DEFERRABLE INITIALLY DEFERRED;


--
-- Name: token_blacklist_blacklistedtoken token_blacklist_blacklistedtoken_token_id_3cc7fe56_fk; Type: FK CONSTRAINT; Schema: public; Owner: shakhriyor
--

ALTER TABLE ONLY public.token_blacklist_blacklistedtoken
    ADD CONSTRAINT token_blacklist_blacklistedtoken_token_id_3cc7fe56_fk FOREIGN KEY (token_id) REFERENCES public.token_blacklist_outstandingtoken(id) DEFERRABLE INITIALLY DEFERRED;


--
-- Name: token_blacklist_outstandingtoken token_blacklist_outstandingtoken_user_id_83bc629a_fk_user_id; Type: FK CONSTRAINT; Schema: public; Owner: shakhriyor
--

ALTER TABLE ONLY public.token_blacklist_outstandingtoken
    ADD CONSTRAINT token_blacklist_outstandingtoken_user_id_83bc629a_fk_user_id FOREIGN KEY (user_id) REFERENCES public."user"(id) DEFERRABLE INITIALLY DEFERRED;


--
-- Name: transaction transaction_user_id_9325d454_fk_user_id; Type: FK CONSTRAINT; Schema: public; Owner: shakhriyor
--

ALTER TABLE ONLY public.transaction
    ADD CONSTRAINT transaction_user_id_9325d454_fk_user_id FOREIGN KEY (user_id) REFERENCES public."user"(id) DEFERRABLE INITIALLY DEFERRED;


--
-- Name: tts_audio_format tts_audio_format_user_id_c61c3121_fk_user_id; Type: FK CONSTRAINT; Schema: public; Owner: shakhriyor
--

ALTER TABLE ONLY public.tts_audio_format
    ADD CONSTRAINT tts_audio_format_user_id_c61c3121_fk_user_id FOREIGN KEY (user_id) REFERENCES public."user"(id) DEFERRABLE INITIALLY DEFERRED;


--
-- Name: tts_data tts_data_audio_id_884845b4_fk_audio_id; Type: FK CONSTRAINT; Schema: public; Owner: shakhriyor
--

ALTER TABLE ONLY public.tts_data
    ADD CONSTRAINT tts_data_audio_id_884845b4_fk_audio_id FOREIGN KEY (audio_id) REFERENCES public.audio(id) DEFERRABLE INITIALLY DEFERRED;


--
-- Name: tts_data tts_data_user_id_b0262522_fk_user_id; Type: FK CONSTRAINT; Schema: public; Owner: shakhriyor
--

ALTER TABLE ONLY public.tts_data
    ADD CONSTRAINT tts_data_user_id_b0262522_fk_user_id FOREIGN KEY (user_id) REFERENCES public."user"(id) DEFERRABLE INITIALLY DEFERRED;


--
-- Name: tts_emotion tts_emotion_user_id_0a4273c5_fk_user_id; Type: FK CONSTRAINT; Schema: public; Owner: shakhriyor
--

ALTER TABLE ONLY public.tts_emotion
    ADD CONSTRAINT tts_emotion_user_id_0a4273c5_fk_user_id FOREIGN KEY (user_id) REFERENCES public."user"(id) DEFERRABLE INITIALLY DEFERRED;


--
-- Name: tts_model tts_model_user_id_4c145dda_fk_user_id; Type: FK CONSTRAINT; Schema: public; Owner: shakhriyor
--

ALTER TABLE ONLY public.tts_model
    ADD CONSTRAINT tts_model_user_id_4c145dda_fk_user_id FOREIGN KEY (user_id) REFERENCES public."user"(id) DEFERRABLE INITIALLY DEFERRED;


--
-- Name: user_groups user_groups_customusermodel_id_89862d4b_fk_user_id; Type: FK CONSTRAINT; Schema: public; Owner: shakhriyor
--

ALTER TABLE ONLY public.user_groups
    ADD CONSTRAINT user_groups_customusermodel_id_89862d4b_fk_user_id FOREIGN KEY (customusermodel_id) REFERENCES public."user"(id) DEFERRABLE INITIALLY DEFERRED;


--
-- Name: user_groups user_groups_group_id_b76f8aba_fk_auth_group_id; Type: FK CONSTRAINT; Schema: public; Owner: shakhriyor
--

ALTER TABLE ONLY public.user_groups
    ADD CONSTRAINT user_groups_group_id_b76f8aba_fk_auth_group_id FOREIGN KEY (group_id) REFERENCES public.auth_group(id) DEFERRABLE INITIALLY DEFERRED;


--
-- Name: user_user_permissions user_user_permission_permission_id_9deb68a3_fk_auth_perm; Type: FK CONSTRAINT; Schema: public; Owner: shakhriyor
--

ALTER TABLE ONLY public.user_user_permissions
    ADD CONSTRAINT user_user_permission_permission_id_9deb68a3_fk_auth_perm FOREIGN KEY (permission_id) REFERENCES public.auth_permission(id) DEFERRABLE INITIALLY DEFERRED;


--
-- Name: user_user_permissions user_user_permissions_customusermodel_id_f7308fb3_fk_user_id; Type: FK CONSTRAINT; Schema: public; Owner: shakhriyor
--

ALTER TABLE ONLY public.user_user_permissions
    ADD CONSTRAINT user_user_permissions_customusermodel_id_f7308fb3_fk_user_id FOREIGN KEY (customusermodel_id) REFERENCES public."user"(id) DEFERRABLE INITIALLY DEFERRED;


--
-- PostgreSQL database dump complete
--

\unrestrict ikscqAbwPe1E6fasSo4FMbx8SQtYn7h66HRDK7ucphSsh0FEJVF9FBFcqCr4Wib

